ERROR 2026-03-24 05:02:15,681 log 8988 27284 Internal Server Error: /admin/api/user/9505/delete/
Traceback (most recent call last):
  File "C:\Users\User\Desktop\BirQadamFull-main\BirQadamDjango\venv\Lib\site-packages\django\db\backends\utils.py", line 105, in _execute
    return self.cursor.execute(sql, params)
           ^^^^^^^^^^^^^^^^^^^^^^^^^^^^^^^^
  File "C:\Users\User\Desktop\BirQadamFull-main\BirQadamDjango\venv\Lib\site-packages\psycopg\cursor.py", line 97, in execute
    raise ex.with_traceback(None)
psycopg.errors.UndefinedTable: отношение "api_emailverificationcode" не существует
LINE 1: ...tos", "api_user"."last_task_completion_date" FROM "api_email...
                                                             ^

The above exception was the direct cause of the following exception:

Traceback (most recent call last):
  File "C:\Users\User\Desktop\BirQadamFull-main\BirQadamDjango\venv\Lib\site-packages\django\core\handlers\exception.py", line 55, in inner
    response = get_response(request)
               ^^^^^^^^^^^^^^^^^^^^^
  File "C:\Users\User\Desktop\BirQadamFull-main\BirQadamDjango\venv\Lib\site-packages\django\core\handlers\base.py", line 197, in _get_response
    response = wrapped_callback(request, *callback_args, **callback_kwargs)
               ^^^^^^^^^^^^^^^^^^^^^^^^^^^^^^^^^^^^^^^^^^^^^^^^^^^^^^^^^^^^
  File "C:\Users\User\Desktop\BirQadamFull-main\BirQadamDjango\venv\Lib\site-packages\django\contrib\admin\options.py", line 719, in wrapper
    return self.admin_site.admin_view(view)(*args, **kwargs)
           ^^^^^^^^^^^^^^^^^^^^^^^^^^^^^^^^^^^^^^^^^^^^^^^^^
  File "C:\Users\User\Desktop\BirQadamFull-main\BirQadamDjango\venv\Lib\site-packages\django\utils\decorators.py", line 192, in _view_wrapper
    result = _process_exception(request, e)
             ^^^^^^^^^^^^^^^^^^^^^^^^^^^^^^
  File "C:\Users\User\Desktop\BirQadamFull-main\BirQadamDjango\venv\Lib\site-packages\django\utils\decorators.py", line 190, in _view_wrapper
    response = view_func(request, *args, **kwargs)
               ^^^^^^^^^^^^^^^^^^^^^^^^^^^^^^^^^^^
  File "C:\Users\User\Desktop\BirQadamFull-main\BirQadamDjango\venv\Lib\site-packages\django\views\decorators\cache.py", line 80, in _view_wrapper
    response = view_func(request, *args, **kwargs)
               ^^^^^^^^^^^^^^^^^^^^^^^^^^^^^^^^^^^
  File "C:\Users\User\Desktop\BirQadamFull-main\BirQadamDjango\venv\Lib\site-packages\django\contrib\admin\sites.py", line 246, in inner
    return view(request, *args, **kwargs)
           ^^^^^^^^^^^^^^^^^^^^^^^^^^^^^^
  File "C:\Users\User\Desktop\BirQadamFull-main\BirQadamDjango\venv\Lib\site-packages\django\utils\decorators.py", line 48, in _wrapper
    return bound_method(*args, **kwargs)
           ^^^^^^^^^^^^^^^^^^^^^^^^^^^^^
  File "C:\Users\User\Desktop\BirQadamFull-main\BirQadamDjango\venv\Lib\site-packages\django\utils\decorators.py", line 192, in _view_wrapper
    result = _process_exception(request, e)
             ^^^^^^^^^^^^^^^^^^^^^^^^^^^^^^
  File "C:\Users\User\Desktop\BirQadamFull-main\BirQadamDjango\venv\Lib\site-packages\django\utils\decorators.py", line 190, in _view_wrapper
    response = view_func(request, *args, **kwargs)
               ^^^^^^^^^^^^^^^^^^^^^^^^^^^^^^^^^^^
  File "C:\Users\User\Desktop\BirQadamFull-main\BirQadamDjango\venv\Lib\site-packages\django\contrib\admin\options.py", line 2204, in delete_view
    return self._delete_view(request, object_id, extra_context)
           ^^^^^^^^^^^^^^^^^^^^^^^^^^^^^^^^^^^^^^^^^^^^^^^^^^^^
  File "C:\Users\User\Desktop\BirQadamFull-main\BirQadamDjango\venv\Lib\site-packages\django\contrib\admin\options.py", line 2234, in _delete_view
    ) = self.get_deleted_objects([obj], request)
        ^^^^^^^^^^^^^^^^^^^^^^^^^^^^^^^^^^^^^^^^
  File "C:\Users\User\Desktop\BirQadamFull-main\BirQadamDjango\venv\Lib\site-packages\django\contrib\admin\options.py", line 2199, in get_deleted_objects
    return get_deleted_objects(objs, request, self.admin_site)
           ^^^^^^^^^^^^^^^^^^^^^^^^^^^^^^^^^^^^^^^^^^^^^^^^^^^
  File "C:\Users\User\Desktop\BirQadamFull-main\BirQadamDjango\venv\Lib\site-packages\django\contrib\admin\utils.py", line 138, in get_deleted_objects
    collector.collect(objs)
  File "C:\Users\User\Desktop\BirQadamFull-main\BirQadamDjango\venv\Lib\site-packages\django\contrib\admin\utils.py", line 205, in collect
    return super().collect(objs, source_attr=source_attr, **kwargs)
           ^^^^^^^^^^^^^^^^^^^^^^^^^^^^^^^^^^^^^^^^^^^^^^^^^^^^^^^^
  File "C:\Users\User\Desktop\BirQadamFull-main\BirQadamDjango\venv\Lib\site-packages\django\db\models\deletion.py", line 343, in collect
    if getattr(on_delete, "lazy_sub_objs", False) or sub_objs:
  File "C:\Users\User\Desktop\BirQadamFull-main\BirQadamDjango\venv\Lib\site-packages\django\db\models\query.py", line 398, in __bool__
    self._fetch_all()
  File "C:\Users\User\Desktop\BirQadamFull-main\BirQadamDjango\venv\Lib\site-packages\django\db\models\query.py", line 1935, in _fetch_all
    self._result_cache = list(self._iterable_class(self))
                         ^^^^^^^^^^^^^^^^^^^^^^^^^^^^^^^^
  File "C:\Users\User\Desktop\BirQadamFull-main\BirQadamDjango\venv\Lib\site-packages\django\db\models\query.py", line 91, in __iter__
    results = compiler.execute_sql(
              ^^^^^^^^^^^^^^^^^^^^^
  File "C:\Users\User\Desktop\BirQadamFull-main\BirQadamDjango\venv\Lib\site-packages\django\db\models\sql\compiler.py", line 1622, in execute_sql
    cursor.execute(sql, params)
  File "C:\Users\User\Desktop\BirQadamFull-main\BirQadamDjango\venv\Lib\site-packages\django\db\backends\utils.py", line 122, in execute
    return super().execute(sql, params)
           ^^^^^^^^^^^^^^^^^^^^^^^^^^^^
  File "C:\Users\User\Desktop\BirQadamFull-main\BirQadamDjango\venv\Lib\site-packages\django\db\backends\utils.py", line 79, in execute
    return self._execute_with_wrappers(
           ^^^^^^^^^^^^^^^^^^^^^^^^^^^^
  File "C:\Users\User\Desktop\BirQadamFull-main\BirQadamDjango\venv\Lib\site-packages\django\db\backends\utils.py", line 92, in _execute_with_wrappers
    return executor(sql, params, many, context)
           ^^^^^^^^^^^^^^^^^^^^^^^^^^^^^^^^^^^^
  File "C:\Users\User\Desktop\BirQadamFull-main\BirQadamDjango\venv\Lib\site-packages\django\db\backends\utils.py", line 100, in _execute
    with self.db.wrap_database_errors:
  File "C:\Users\User\Desktop\BirQadamFull-main\BirQadamDjango\venv\Lib\site-packages\django\db\utils.py", line 91, in __exit__
    raise dj_exc_value.with_traceback(traceback) from exc_value
  File "C:\Users\User\Desktop\BirQadamFull-main\BirQadamDjango\venv\Lib\site-packages\django\db\backends\utils.py", line 105, in _execute
    return self.cursor.execute(sql, params)
           ^^^^^^^^^^^^^^^^^^^^^^^^^^^^^^^^
  File "C:\Users\User\Desktop\BirQadamFull-main\BirQadamDjango\venv\Lib\site-packages\psycopg\cursor.py", line 97, in execute
    raise ex.with_traceback(None)
django.db.utils.ProgrammingError: отношение "api_emailverificationcode" не существует
LINE 1: ...tos", "api_user"."last_task_completion_date" FROM "api_email...
                                                             ^
ERROR 2026-03-24 05:02:15,688 basehttp 8988 27284 "GET /admin/api/user/9505/delete/?_changelist_filters=q%3Dmail.ru HTTP/1.1" 500 24569
ERROR 2026-03-24 05:02:24,038 log 8988 27284 Internal Server Error: /admin/api/user/
Traceback (most recent call last):
  File "C:\Users\User\Desktop\BirQadamFull-main\BirQadamDjango\venv\Lib\site-packages\django\db\backends\utils.py", line 105, in _execute
    return self.cursor.execute(sql, params)
           ^^^^^^^^^^^^^^^^^^^^^^^^^^^^^^^^
  File "C:\Users\User\Desktop\BirQadamFull-main\BirQadamDjango\venv\Lib\site-packages\psycopg\cursor.py", line 97, in execute
    raise ex.with_traceback(None)
psycopg.errors.UndefinedTable: отношение "api_emailverificationcode" не существует
LINE 1: ...tos", "api_user"."last_task_completion_date" FROM "api_email...
                                                             ^

The above exception was the direct cause of the following exception:

Traceback (most recent call last):
  File "C:\Users\User\Desktop\BirQadamFull-main\BirQadamDjango\venv\Lib\site-packages\django\core\handlers\exception.py", line 55, in inner
    response = get_response(request)
               ^^^^^^^^^^^^^^^^^^^^^
  File "C:\Users\User\Desktop\BirQadamFull-main\BirQadamDjango\venv\Lib\site-packages\django\core\handlers\base.py", line 197, in _get_response
    response = wrapped_callback(request, *callback_args, **callback_kwargs)
               ^^^^^^^^^^^^^^^^^^^^^^^^^^^^^^^^^^^^^^^^^^^^^^^^^^^^^^^^^^^^
  File "C:\Users\User\Desktop\BirQadamFull-main\BirQadamDjango\venv\Lib\site-packages\django\contrib\admin\options.py", line 719, in wrapper
    return self.admin_site.admin_view(view)(*args, **kwargs)
           ^^^^^^^^^^^^^^^^^^^^^^^^^^^^^^^^^^^^^^^^^^^^^^^^^
  File "C:\Users\User\Desktop\BirQadamFull-main\BirQadamDjango\venv\Lib\site-packages\django\utils\decorators.py", line 192, in _view_wrapper
    result = _process_exception(request, e)
             ^^^^^^^^^^^^^^^^^^^^^^^^^^^^^^
  File "C:\Users\User\Desktop\BirQadamFull-main\BirQadamDjango\venv\Lib\site-packages\django\utils\decorators.py", line 190, in _view_wrapper
    response = view_func(request, *args, **kwargs)
               ^^^^^^^^^^^^^^^^^^^^^^^^^^^^^^^^^^^
  File "C:\Users\User\Desktop\BirQadamFull-main\BirQadamDjango\venv\Lib\site-packages\django\views\decorators\cache.py", line 80, in _view_wrapper
    response = view_func(request, *args, **kwargs)
               ^^^^^^^^^^^^^^^^^^^^^^^^^^^^^^^^^^^
  File "C:\Users\User\Desktop\BirQadamFull-main\BirQadamDjango\venv\Lib\site-packages\django\contrib\admin\sites.py", line 246, in inner
    return view(request, *args, **kwargs)
           ^^^^^^^^^^^^^^^^^^^^^^^^^^^^^^
  File "C:\Users\User\Desktop\BirQadamFull-main\BirQadamDjango\venv\Lib\site-packages\django\utils\decorators.py", line 48, in _wrapper
    return bound_method(*args, **kwargs)
           ^^^^^^^^^^^^^^^^^^^^^^^^^^^^^
  File "C:\Users\User\Desktop\BirQadamFull-main\BirQadamDjango\venv\Lib\site-packages\django\utils\decorators.py", line 192, in _view_wrapper
    result = _process_exception(request, e)
             ^^^^^^^^^^^^^^^^^^^^^^^^^^^^^^
  File "C:\Users\User\Desktop\BirQadamFull-main\BirQadamDjango\venv\Lib\site-packages\django\utils\decorators.py", line 190, in _view_wrapper
    response = view_func(request, *args, **kwargs)
               ^^^^^^^^^^^^^^^^^^^^^^^^^^^^^^^^^^^
  File "C:\Users\User\Desktop\BirQadamFull-main\BirQadamDjango\venv\Lib\site-packages\django\contrib\admin\options.py", line 2057, in changelist_view
    response = self.response_action(
               ^^^^^^^^^^^^^^^^^^^^^
  File "C:\Users\User\Desktop\BirQadamFull-main\BirQadamDjango\venv\Lib\site-packages\django\contrib\admin\options.py", line 1686, in response_action
    response = func(self, request, queryset)
               ^^^^^^^^^^^^^^^^^^^^^^^^^^^^^
  File "C:\Users\User\Desktop\BirQadamFull-main\BirQadamDjango\venv\Lib\site-packages\django\contrib\admin\actions.py", line 39, in delete_selected
    ) = modeladmin.get_deleted_objects(queryset, request)
        ^^^^^^^^^^^^^^^^^^^^^^^^^^^^^^^^^^^^^^^^^^^^^^^^^
  File "C:\Users\User\Desktop\BirQadamFull-main\BirQadamDjango\venv\Lib\site-packages\django\contrib\admin\options.py", line 2199, in get_deleted_objects
    return get_deleted_objects(objs, request, self.admin_site)
           ^^^^^^^^^^^^^^^^^^^^^^^^^^^^^^^^^^^^^^^^^^^^^^^^^^^
  File "C:\Users\User\Desktop\BirQadamFull-main\BirQadamDjango\venv\Lib\site-packages\django\contrib\admin\utils.py", line 138, in get_deleted_objects
    collector.collect(objs)
  File "C:\Users\User\Desktop\BirQadamFull-main\BirQadamDjango\venv\Lib\site-packages\django\contrib\admin\utils.py", line 205, in collect
    return super().collect(objs, source_attr=source_attr, **kwargs)
           ^^^^^^^^^^^^^^^^^^^^^^^^^^^^^^^^^^^^^^^^^^^^^^^^^^^^^^^^
  File "C:\Users\User\Desktop\BirQadamFull-main\BirQadamDjango\venv\Lib\site-packages\django\db\models\deletion.py", line 343, in collect
    if getattr(on_delete, "lazy_sub_objs", False) or sub_objs:
  File "C:\Users\User\Desktop\BirQadamFull-main\BirQadamDjango\venv\Lib\site-packages\django\db\models\query.py", line 398, in __bool__
    self._fetch_all()
  File "C:\Users\User\Desktop\BirQadamFull-main\BirQadamDjango\venv\Lib\site-packages\django\db\models\query.py", line 1935, in _fetch_all
    self._result_cache = list(self._iterable_class(self))
                         ^^^^^^^^^^^^^^^^^^^^^^^^^^^^^^^^
  File "C:\Users\User\Desktop\BirQadamFull-main\BirQadamDjango\venv\Lib\site-packages\django\db\models\query.py", line 91, in __iter__
    results = compiler.execute_sql(
              ^^^^^^^^^^^^^^^^^^^^^
  File "C:\Users\User\Desktop\BirQadamFull-main\BirQadamDjango\venv\Lib\site-packages\django\db\models\sql\compiler.py", line 1622, in execute_sql
    cursor.execute(sql, params)
  File "C:\Users\User\Desktop\BirQadamFull-main\BirQadamDjango\venv\Lib\site-packages\django\db\backends\utils.py", line 122, in execute
    return super().execute(sql, params)
           ^^^^^^^^^^^^^^^^^^^^^^^^^^^^
  File "C:\Users\User\Desktop\BirQadamFull-main\BirQadamDjango\venv\Lib\site-packages\django\db\backends\utils.py", line 79, in execute
    return self._execute_with_wrappers(
           ^^^^^^^^^^^^^^^^^^^^^^^^^^^^
  File "C:\Users\User\Desktop\BirQadamFull-main\BirQadamDjango\venv\Lib\site-packages\django\db\backends\utils.py", line 92, in _execute_with_wrappers
    return executor(sql, params, many, context)
           ^^^^^^^^^^^^^^^^^^^^^^^^^^^^^^^^^^^^
  File "C:\Users\User\Desktop\BirQadamFull-main\BirQadamDjango\venv\Lib\site-packages\django\db\backends\utils.py", line 100, in _execute
    with self.db.wrap_database_errors:
  File "C:\Users\User\Desktop\BirQadamFull-main\BirQadamDjango\venv\Lib\site-packages\django\db\utils.py", line 91, in __exit__
    raise dj_exc_value.with_traceback(traceback) from exc_value
  File "C:\Users\User\Desktop\BirQadamFull-main\BirQadamDjango\venv\Lib\site-packages\django\db\backends\utils.py", line 105, in _execute
    return self.cursor.execute(sql, params)
           ^^^^^^^^^^^^^^^^^^^^^^^^^^^^^^^^
  File "C:\Users\User\Desktop\BirQadamFull-main\BirQadamDjango\venv\Lib\site-packages\psycopg\cursor.py", line 97, in execute
    raise ex.with_traceback(None)
django.db.utils.ProgrammingError: отношение "api_emailverificationcode" не существует
LINE 1: ...tos", "api_user"."last_task_completion_date" FROM "api_email...
                                                             ^
ERROR 2026-03-24 05:02:24,044 basehttp 8988 27284 "POST /admin/api/user/?q=mail.ru HTTP/1.1" 500 25541
ERROR 2026-03-24 05:07:40,317 log 12392 19396 Internal Server Error: /admin/api/user/
Traceback (most recent call last):
  File "C:\Users\User\Desktop\BirQadamFull-main\BirQadamDjango\venv\Lib\site-packages\django\db\backends\utils.py", line 105, in _execute
    return self.cursor.execute(sql, params)
           ^^^^^^^^^^^^^^^^^^^^^^^^^^^^^^^^
  File "C:\Users\User\Desktop\BirQadamFull-main\BirQadamDjango\venv\Lib\site-packages\psycopg\cursor.py", line 97, in execute
    raise ex.with_traceback(None)
psycopg.errors.UndefinedTable: отношение "api_event_participants" не существует
LINE 1: ...tos", "api_user"."last_task_completion_date" FROM "api_event...
                                                             ^

The above exception was the direct cause of the following exception:

Traceback (most recent call last):
  File "C:\Users\User\Desktop\BirQadamFull-main\BirQadamDjango\venv\Lib\site-packages\django\core\handlers\exception.py", line 55, in inner
    response = get_response(request)
               ^^^^^^^^^^^^^^^^^^^^^
  File "C:\Users\User\Desktop\BirQadamFull-main\BirQadamDjango\venv\Lib\site-packages\django\core\handlers\base.py", line 197, in _get_response
    response = wrapped_callback(request, *callback_args, **callback_kwargs)
               ^^^^^^^^^^^^^^^^^^^^^^^^^^^^^^^^^^^^^^^^^^^^^^^^^^^^^^^^^^^^
  File "C:\Users\User\Desktop\BirQadamFull-main\BirQadamDjango\venv\Lib\site-packages\django\contrib\admin\options.py", line 719, in wrapper
    return self.admin_site.admin_view(view)(*args, **kwargs)
           ^^^^^^^^^^^^^^^^^^^^^^^^^^^^^^^^^^^^^^^^^^^^^^^^^
  File "C:\Users\User\Desktop\BirQadamFull-main\BirQadamDjango\venv\Lib\site-packages\django\utils\decorators.py", line 192, in _view_wrapper
    result = _process_exception(request, e)
             ^^^^^^^^^^^^^^^^^^^^^^^^^^^^^^
  File "C:\Users\User\Desktop\BirQadamFull-main\BirQadamDjango\venv\Lib\site-packages\django\utils\decorators.py", line 190, in _view_wrapper
    response = view_func(request, *args, **kwargs)
               ^^^^^^^^^^^^^^^^^^^^^^^^^^^^^^^^^^^
  File "C:\Users\User\Desktop\BirQadamFull-main\BirQadamDjango\venv\Lib\site-packages\django\views\decorators\cache.py", line 80, in _view_wrapper
    response = view_func(request, *args, **kwargs)
               ^^^^^^^^^^^^^^^^^^^^^^^^^^^^^^^^^^^
  File "C:\Users\User\Desktop\BirQadamFull-main\BirQadamDjango\venv\Lib\site-packages\django\contrib\admin\sites.py", line 246, in inner
    return view(request, *args, **kwargs)
           ^^^^^^^^^^^^^^^^^^^^^^^^^^^^^^
  File "C:\Users\User\Desktop\BirQadamFull-main\BirQadamDjango\venv\Lib\site-packages\django\utils\decorators.py", line 48, in _wrapper
    return bound_method(*args, **kwargs)
           ^^^^^^^^^^^^^^^^^^^^^^^^^^^^^
  File "C:\Users\User\Desktop\BirQadamFull-main\BirQadamDjango\venv\Lib\site-packages\django\utils\decorators.py", line 192, in _view_wrapper
    result = _process_exception(request, e)
             ^^^^^^^^^^^^^^^^^^^^^^^^^^^^^^
  File "C:\Users\User\Desktop\BirQadamFull-main\BirQadamDjango\venv\Lib\site-packages\django\utils\decorators.py", line 190, in _view_wrapper
    response = view_func(request, *args, **kwargs)
               ^^^^^^^^^^^^^^^^^^^^^^^^^^^^^^^^^^^
  File "C:\Users\User\Desktop\BirQadamFull-main\BirQadamDjango\venv\Lib\site-packages\django\contrib\admin\options.py", line 2057, in changelist_view
    response = self.response_action(
               ^^^^^^^^^^^^^^^^^^^^^
  File "C:\Users\User\Desktop\BirQadamFull-main\BirQadamDjango\venv\Lib\site-packages\django\contrib\admin\options.py", line 1686, in response_action
    response = func(self, request, queryset)
               ^^^^^^^^^^^^^^^^^^^^^^^^^^^^^
  File "C:\Users\User\Desktop\BirQadamFull-main\BirQadamDjango\venv\Lib\site-packages\django\contrib\admin\actions.py", line 39, in delete_selected
    ) = modeladmin.get_deleted_objects(queryset, request)
        ^^^^^^^^^^^^^^^^^^^^^^^^^^^^^^^^^^^^^^^^^^^^^^^^^
  File "C:\Users\User\Desktop\BirQadamFull-main\BirQadamDjango\venv\Lib\site-packages\django\contrib\admin\options.py", line 2199, in get_deleted_objects
    return get_deleted_objects(objs, request, self.admin_site)
           ^^^^^^^^^^^^^^^^^^^^^^^^^^^^^^^^^^^^^^^^^^^^^^^^^^^
  File "C:\Users\User\Desktop\BirQadamFull-main\BirQadamDjango\venv\Lib\site-packages\django\contrib\admin\utils.py", line 138, in get_deleted_objects
    collector.collect(objs)
  File "C:\Users\User\Desktop\BirQadamFull-main\BirQadamDjango\venv\Lib\site-packages\django\contrib\admin\utils.py", line 205, in collect
    return super().collect(objs, source_attr=source_attr, **kwargs)
           ^^^^^^^^^^^^^^^^^^^^^^^^^^^^^^^^^^^^^^^^^^^^^^^^^^^^^^^^
  File "C:\Users\User\Desktop\BirQadamFull-main\BirQadamDjango\venv\Lib\site-packages\django\db\models\deletion.py", line 343, in collect
    if getattr(on_delete, "lazy_sub_objs", False) or sub_objs:
  File "C:\Users\User\Desktop\BirQadamFull-main\BirQadamDjango\venv\Lib\site-packages\django\db\models\query.py", line 398, in __bool__
    self._fetch_all()
  File "C:\Users\User\Desktop\BirQadamFull-main\BirQadamDjango\venv\Lib\site-packages\django\db\models\query.py", line 1935, in _fetch_all
    self._result_cache = list(self._iterable_class(self))
                         ^^^^^^^^^^^^^^^^^^^^^^^^^^^^^^^^
  File "C:\Users\User\Desktop\BirQadamFull-main\BirQadamDjango\venv\Lib\site-packages\django\db\models\query.py", line 91, in __iter__
    results = compiler.execute_sql(
              ^^^^^^^^^^^^^^^^^^^^^
  File "C:\Users\User\Desktop\BirQadamFull-main\BirQadamDjango\venv\Lib\site-packages\django\db\models\sql\compiler.py", line 1622, in execute_sql
    cursor.execute(sql, params)
  File "C:\Users\User\Desktop\BirQadamFull-main\BirQadamDjango\venv\Lib\site-packages\django\db\backends\utils.py", line 122, in execute
    return super().execute(sql, params)
           ^^^^^^^^^^^^^^^^^^^^^^^^^^^^
  File "C:\Users\User\Desktop\BirQadamFull-main\BirQadamDjango\venv\Lib\site-packages\django\db\backends\utils.py", line 79, in execute
    return self._execute_with_wrappers(
           ^^^^^^^^^^^^^^^^^^^^^^^^^^^^
  File "C:\Users\User\Desktop\BirQadamFull-main\BirQadamDjango\venv\Lib\site-packages\django\db\backends\utils.py", line 92, in _execute_with_wrappers
    return executor(sql, params, many, context)
           ^^^^^^^^^^^^^^^^^^^^^^^^^^^^^^^^^^^^
  File "C:\Users\User\Desktop\BirQadamFull-main\BirQadamDjango\venv\Lib\site-packages\django\db\backends\utils.py", line 100, in _execute
    with self.db.wrap_database_errors:
  File "C:\Users\User\Desktop\BirQadamFull-main\BirQadamDjango\venv\Lib\site-packages\django\db\utils.py", line 91, in __exit__
    raise dj_exc_value.with_traceback(traceback) from exc_value
  File "C:\Users\User\Desktop\BirQadamFull-main\BirQadamDjango\venv\Lib\site-packages\django\db\backends\utils.py", line 105, in _execute
    return self.cursor.execute(sql, params)
           ^^^^^^^^^^^^^^^^^^^^^^^^^^^^^^^^
  File "C:\Users\User\Desktop\BirQadamFull-main\BirQadamDjango\venv\Lib\site-packages\psycopg\cursor.py", line 97, in execute
    raise ex.with_traceback(None)
django.db.utils.ProgrammingError: отношение "api_event_participants" не существует
LINE 1: ...tos", "api_user"."last_task_completion_date" FROM "api_event...
                                                             ^
ERROR 2026-03-24 05:07:40,350 basehttp 12392 19396 "POST /admin/api/user/?q=mail.ru HTTP/1.1" 500 25299
ERROR 2026-03-24 05:07:48,408 log 12392 19396 Internal Server Error: /admin/api/user/
Traceback (most recent call last):
  File "C:\Users\User\Desktop\BirQadamFull-main\BirQadamDjango\venv\Lib\site-packages\django\db\backends\utils.py", line 105, in _execute
    return self.cursor.execute(sql, params)
           ^^^^^^^^^^^^^^^^^^^^^^^^^^^^^^^^
  File "C:\Users\User\Desktop\BirQadamFull-main\BirQadamDjango\venv\Lib\site-packages\psycopg\cursor.py", line 97, in execute
    raise ex.with_traceback(None)
psycopg.errors.UndefinedTable: отношение "api_event_participants" не существует
LINE 1: ...tos", "api_user"."last_task_completion_date" FROM "api_event...
                                                             ^

The above exception was the direct cause of the following exception:

Traceback (most recent call last):
  File "C:\Users\User\Desktop\BirQadamFull-main\BirQadamDjango\venv\Lib\site-packages\django\core\handlers\exception.py", line 55, in inner
    response = get_response(request)
               ^^^^^^^^^^^^^^^^^^^^^
  File "C:\Users\User\Desktop\BirQadamFull-main\BirQadamDjango\venv\Lib\site-packages\django\core\handlers\base.py", line 197, in _get_response
    response = wrapped_callback(request, *callback_args, **callback_kwargs)
               ^^^^^^^^^^^^^^^^^^^^^^^^^^^^^^^^^^^^^^^^^^^^^^^^^^^^^^^^^^^^
  File "C:\Users\User\Desktop\BirQadamFull-main\BirQadamDjango\venv\Lib\site-packages\django\contrib\admin\options.py", line 719, in wrapper
    return self.admin_site.admin_view(view)(*args, **kwargs)
           ^^^^^^^^^^^^^^^^^^^^^^^^^^^^^^^^^^^^^^^^^^^^^^^^^
  File "C:\Users\User\Desktop\BirQadamFull-main\BirQadamDjango\venv\Lib\site-packages\django\utils\decorators.py", line 192, in _view_wrapper
    result = _process_exception(request, e)
             ^^^^^^^^^^^^^^^^^^^^^^^^^^^^^^
  File "C:\Users\User\Desktop\BirQadamFull-main\BirQadamDjango\venv\Lib\site-packages\django\utils\decorators.py", line 190, in _view_wrapper
    response = view_func(request, *args, **kwargs)
               ^^^^^^^^^^^^^^^^^^^^^^^^^^^^^^^^^^^
  File "C:\Users\User\Desktop\BirQadamFull-main\BirQadamDjango\venv\Lib\site-packages\django\views\decorators\cache.py", line 80, in _view_wrapper
    response = view_func(request, *args, **kwargs)
               ^^^^^^^^^^^^^^^^^^^^^^^^^^^^^^^^^^^
  File "C:\Users\User\Desktop\BirQadamFull-main\BirQadamDjango\venv\Lib\site-packages\django\contrib\admin\sites.py", line 246, in inner
    return view(request, *args, **kwargs)
           ^^^^^^^^^^^^^^^^^^^^^^^^^^^^^^
  File "C:\Users\User\Desktop\BirQadamFull-main\BirQadamDjango\venv\Lib\site-packages\django\utils\decorators.py", line 48, in _wrapper
    return bound_method(*args, **kwargs)
           ^^^^^^^^^^^^^^^^^^^^^^^^^^^^^
  File "C:\Users\User\Desktop\BirQadamFull-main\BirQadamDjango\venv\Lib\site-packages\django\utils\decorators.py", line 192, in _view_wrapper
    result = _process_exception(request, e)
             ^^^^^^^^^^^^^^^^^^^^^^^^^^^^^^
  File "C:\Users\User\Desktop\BirQadamFull-main\BirQadamDjango\venv\Lib\site-packages\django\utils\decorators.py", line 190, in _view_wrapper
    response = view_func(request, *args, **kwargs)
               ^^^^^^^^^^^^^^^^^^^^^^^^^^^^^^^^^^^
  File "C:\Users\User\Desktop\BirQadamFull-main\BirQadamDjango\venv\Lib\site-packages\django\contrib\admin\options.py", line 2057, in changelist_view
    response = self.response_action(
               ^^^^^^^^^^^^^^^^^^^^^
  File "C:\Users\User\Desktop\BirQadamFull-main\BirQadamDjango\venv\Lib\site-packages\django\contrib\admin\options.py", line 1686, in response_action
    response = func(self, request, queryset)
               ^^^^^^^^^^^^^^^^^^^^^^^^^^^^^
  File "C:\Users\User\Desktop\BirQadamFull-main\BirQadamDjango\venv\Lib\site-packages\django\contrib\admin\actions.py", line 39, in delete_selected
    ) = modeladmin.get_deleted_objects(queryset, request)
        ^^^^^^^^^^^^^^^^^^^^^^^^^^^^^^^^^^^^^^^^^^^^^^^^^
  File "C:\Users\User\Desktop\BirQadamFull-main\BirQadamDjango\venv\Lib\site-packages\django\contrib\admin\options.py", line 2199, in get_deleted_objects
    return get_deleted_objects(objs, request, self.admin_site)
           ^^^^^^^^^^^^^^^^^^^^^^^^^^^^^^^^^^^^^^^^^^^^^^^^^^^
  File "C:\Users\User\Desktop\BirQadamFull-main\BirQadamDjango\venv\Lib\site-packages\django\contrib\admin\utils.py", line 138, in get_deleted_objects
    collector.collect(objs)
  File "C:\Users\User\Desktop\BirQadamFull-main\BirQadamDjango\venv\Lib\site-packages\django\contrib\admin\utils.py", line 205, in collect
    return super().collect(objs, source_attr=source_attr, **kwargs)
           ^^^^^^^^^^^^^^^^^^^^^^^^^^^^^^^^^^^^^^^^^^^^^^^^^^^^^^^^
  File "C:\Users\User\Desktop\BirQadamFull-main\BirQadamDjango\venv\Lib\site-packages\django\db\models\deletion.py", line 343, in collect
    if getattr(on_delete, "lazy_sub_objs", False) or sub_objs:
  File "C:\Users\User\Desktop\BirQadamFull-main\BirQadamDjango\venv\Lib\site-packages\django\db\models\query.py", line 398, in __bool__
    self._fetch_all()
  File "C:\Users\User\Desktop\BirQadamFull-main\BirQadamDjango\venv\Lib\site-packages\django\db\models\query.py", line 1935, in _fetch_all
    self._result_cache = list(self._iterable_class(self))
                         ^^^^^^^^^^^^^^^^^^^^^^^^^^^^^^^^
  File "C:\Users\User\Desktop\BirQadamFull-main\BirQadamDjango\venv\Lib\site-packages\django\db\models\query.py", line 91, in __iter__
    results = compiler.execute_sql(
              ^^^^^^^^^^^^^^^^^^^^^
  File "C:\Users\User\Desktop\BirQadamFull-main\BirQadamDjango\venv\Lib\site-packages\django\db\models\sql\compiler.py", line 1622, in execute_sql
    cursor.execute(sql, params)
  File "C:\Users\User\Desktop\BirQadamFull-main\BirQadamDjango\venv\Lib\site-packages\django\db\backends\utils.py", line 122, in execute
    return super().execute(sql, params)
           ^^^^^^^^^^^^^^^^^^^^^^^^^^^^
  File "C:\Users\User\Desktop\BirQadamFull-main\BirQadamDjango\venv\Lib\site-packages\django\db\backends\utils.py", line 79, in execute
    return self._execute_with_wrappers(
           ^^^^^^^^^^^^^^^^^^^^^^^^^^^^
  File "C:\Users\User\Desktop\BirQadamFull-main\BirQadamDjango\venv\Lib\site-packages\django\db\backends\utils.py", line 92, in _execute_with_wrappers
    return executor(sql, params, many, context)
           ^^^^^^^^^^^^^^^^^^^^^^^^^^^^^^^^^^^^
  File "C:\Users\User\Desktop\BirQadamFull-main\BirQadamDjango\venv\Lib\site-packages\django\db\backends\utils.py", line 100, in _execute
    with self.db.wrap_database_errors:
  File "C:\Users\User\Desktop\BirQadamFull-main\BirQadamDjango\venv\Lib\site-packages\django\db\utils.py", line 91, in __exit__
    raise dj_exc_value.with_traceback(traceback) from exc_value
  File "C:\Users\User\Desktop\BirQadamFull-main\BirQadamDjango\venv\Lib\site-packages\django\db\backends\utils.py", line 105, in _execute
    return self.cursor.execute(sql, params)
           ^^^^^^^^^^^^^^^^^^^^^^^^^^^^^^^^
  File "C:\Users\User\Desktop\BirQadamFull-main\BirQadamDjango\venv\Lib\site-packages\psycopg\cursor.py", line 97, in execute
    raise ex.with_traceback(None)
django.db.utils.ProgrammingError: отношение "api_event_participants" не существует
LINE 1: ...tos", "api_user"."last_task_completion_date" FROM "api_event...
                                                             ^
ERROR 2026-03-24 05:07:48,434 basehttp 12392 19396 "POST /admin/api/user/?q=mail.ru HTTP/1.1" 500 25363
ERROR 2026-03-24 05:29:57,258 log 12392 1056 Internal Server Error: /custom-admin/organizers/9568/approve/
Traceback (most recent call last):
  File "C:\Users\User\Desktop\BirQadamFull-main\BirQadamDjango\admin_panel\views\views.py", line 2505, in approve_organizer
    return redirect('organizers')
           ^^^^^^^^^^^^^^^^^^^^^^
  File "C:\Users\User\Desktop\BirQadamFull-main\BirQadamDjango\venv\Lib\site-packages\django\shortcuts.py", line 51, in redirect
    resolve_url(to, *args, **kwargs),
    ^^^^^^^^^^^^^^^^^^^^^^^^^^^^^^^^
  File "C:\Users\User\Desktop\BirQadamFull-main\BirQadamDjango\venv\Lib\site-packages\django\shortcuts.py", line 184, in resolve_url
    return reverse(to, args=args, kwargs=kwargs)
           ^^^^^^^^^^^^^^^^^^^^^^^^^^^^^^^^^^^^^
  File "C:\Users\User\Desktop\BirQadamFull-main\BirQadamDjango\venv\Lib\site-packages\django\urls\base.py", line 98, in reverse
    resolved_url = resolver._reverse_with_prefix(view, prefix, *args, **kwargs)
                   ^^^^^^^^^^^^^^^^^^^^^^^^^^^^^^^^^^^^^^^^^^^^^^^^^^^^^^^^^^^^
  File "C:\Users\User\Desktop\BirQadamFull-main\BirQadamDjango\venv\Lib\site-packages\django\urls\resolvers.py", line 831, in _reverse_with_prefix
    raise NoReverseMatch(msg)
django.urls.exceptions.NoReverseMatch: Reverse for 'organizers' not found. 'organizers' is not a valid view function or pattern name.

During handling of the above exception, another exception occurred:

Traceback (most recent call last):
  File "C:\Users\User\Desktop\BirQadamFull-main\BirQadamDjango\venv\Lib\site-packages\django\core\handlers\exception.py", line 55, in inner
    response = get_response(request)
               ^^^^^^^^^^^^^^^^^^^^^
  File "C:\Users\User\Desktop\BirQadamFull-main\BirQadamDjango\venv\Lib\site-packages\django\core\handlers\base.py", line 197, in _get_response
    response = wrapped_callback(request, *callback_args, **callback_kwargs)
               ^^^^^^^^^^^^^^^^^^^^^^^^^^^^^^^^^^^^^^^^^^^^^^^^^^^^^^^^^^^^
  File "C:\Users\User\Desktop\BirQadamFull-main\BirQadamDjango\venv\Lib\site-packages\django\contrib\auth\decorators.py", line 59, in _view_wrapper
    return view_func(request, *args, **kwargs)
           ^^^^^^^^^^^^^^^^^^^^^^^^^^^^^^^^^^^
  File "C:\Users\User\Desktop\BirQadamFull-main\BirQadamDjango\venv\Lib\site-packages\django\views\decorators\http.py", line 64, in inner
    return func(request, *args, **kwargs)
           ^^^^^^^^^^^^^^^^^^^^^^^^^^^^^^
  File "C:\Users\User\Desktop\BirQadamFull-main\BirQadamDjango\venv\Lib\site-packages\django\utils\decorators.py", line 192, in _view_wrapper
    result = _process_exception(request, e)
             ^^^^^^^^^^^^^^^^^^^^^^^^^^^^^^
  File "C:\Users\User\Desktop\BirQadamFull-main\BirQadamDjango\venv\Lib\site-packages\django\utils\decorators.py", line 190, in _view_wrapper
    response = view_func(request, *args, **kwargs)
               ^^^^^^^^^^^^^^^^^^^^^^^^^^^^^^^^^^^
  File "C:\Users\User\Desktop\BirQadamFull-main\BirQadamDjango\admin_panel\views\views.py", line 2511, in approve_organizer
    return redirect('organizers')
           ^^^^^^^^^^^^^^^^^^^^^^
  File "C:\Users\User\Desktop\BirQadamFull-main\BirQadamDjango\venv\Lib\site-packages\django\shortcuts.py", line 51, in redirect
    resolve_url(to, *args, **kwargs),
    ^^^^^^^^^^^^^^^^^^^^^^^^^^^^^^^^
  File "C:\Users\User\Desktop\BirQadamFull-main\BirQadamDjango\venv\Lib\site-packages\django\shortcuts.py", line 184, in resolve_url
    return reverse(to, args=args, kwargs=kwargs)
           ^^^^^^^^^^^^^^^^^^^^^^^^^^^^^^^^^^^^^
  File "C:\Users\User\Desktop\BirQadamFull-main\BirQadamDjango\venv\Lib\site-packages\django\urls\base.py", line 98, in reverse
    resolved_url = resolver._reverse_with_prefix(view, prefix, *args, **kwargs)
                   ^^^^^^^^^^^^^^^^^^^^^^^^^^^^^^^^^^^^^^^^^^^^^^^^^^^^^^^^^^^^
  File "C:\Users\User\Desktop\BirQadamFull-main\BirQadamDjango\venv\Lib\site-packages\django\urls\resolvers.py", line 831, in _reverse_with_prefix
    raise NoReverseMatch(msg)
django.urls.exceptions.NoReverseMatch: Reverse for 'organizers' not found. 'organizers' is not a valid view function or pattern name.
ERROR 2026-03-24 05:29:57,263 basehttp 12392 1056 "POST /custom-admin/organizers/9568/approve/ HTTP/1.1" 500 20128
ERROR 2026-03-25 17:48:07,165 log 26156 23020 Internal Server Error: /api/web/volunteer/dashboard/
Traceback (most recent call last):
  File "C:\Users\User\Desktop\BirQadamFull-main\BirQadamDjango\venv\Lib\site-packages\django\core\handlers\exception.py", line 55, in inner
    response = get_response(request)
               ^^^^^^^^^^^^^^^^^^^^^
  File "C:\Users\User\Desktop\BirQadamFull-main\BirQadamDjango\venv\Lib\site-packages\django\core\handlers\base.py", line 197, in _get_response
    response = wrapped_callback(request, *callback_args, **callback_kwargs)
               ^^^^^^^^^^^^^^^^^^^^^^^^^^^^^^^^^^^^^^^^^^^^^^^^^^^^^^^^^^^^
  File "C:\Users\User\Desktop\BirQadamFull-main\BirQadamDjango\venv\Lib\site-packages\django\views\decorators\csrf.py", line 65, in _view_wrapper
    return view_func(request, *args, **kwargs)
           ^^^^^^^^^^^^^^^^^^^^^^^^^^^^^^^^^^^
  File "C:\Users\User\Desktop\BirQadamFull-main\BirQadamDjango\venv\Lib\site-packages\django\views\generic\base.py", line 104, in view
    return self.dispatch(request, *args, **kwargs)
           ^^^^^^^^^^^^^^^^^^^^^^^^^^^^^^^^^^^^^^^
  File "C:\Users\User\Desktop\BirQadamFull-main\BirQadamDjango\venv\Lib\site-packages\django\utils\decorators.py", line 48, in _wrapper
    return bound_method(*args, **kwargs)
           ^^^^^^^^^^^^^^^^^^^^^^^^^^^^^
  File "C:\Users\User\Desktop\BirQadamFull-main\BirQadamDjango\venv\Lib\site-packages\django\views\decorators\csrf.py", line 65, in _view_wrapper
    return view_func(request, *args, **kwargs)
           ^^^^^^^^^^^^^^^^^^^^^^^^^^^^^^^^^^^
  File "C:\Users\User\Desktop\BirQadamFull-main\BirQadamDjango\venv\Lib\site-packages\rest_framework\views.py", line 515, in dispatch
    response = self.handle_exception(exc)
               ^^^^^^^^^^^^^^^^^^^^^^^^^^
  File "C:\Users\User\Desktop\BirQadamFull-main\BirQadamDjango\venv\Lib\site-packages\rest_framework\views.py", line 475, in handle_exception
    self.raise_uncaught_exception(exc)
  File "C:\Users\User\Desktop\BirQadamFull-main\BirQadamDjango\venv\Lib\site-packages\rest_framework\views.py", line 486, in raise_uncaught_exception
    raise exc
  File "C:\Users\User\Desktop\BirQadamFull-main\BirQadamDjango\venv\Lib\site-packages\rest_framework\views.py", line 512, in dispatch
    response = handler(request, *args, **kwargs)
               ^^^^^^^^^^^^^^^^^^^^^^^^^^^^^^^^^
  File "C:\Users\User\Desktop\BirQadamFull-main\BirQadamDjango\api\api\web_portal.py", line 800, in get
    data = get_volunteer_dashboard_data(request.user)
           ^^^^^^^^^^^^^^^^^^^^^^^^^^^^^^^^^^^^^^^^^^
  File "C:\Users\User\Desktop\BirQadamFull-main\BirQadamDjango\api\users\services\dashboard.py", line 152, in get_volunteer_dashboard_data
    Activity.objects.filter(user=user, is_read=False).count()
    ^^^^^^^^
NameError: name 'Activity' is not defined
ERROR 2026-03-25 17:48:07,169 basehttp 26156 23020 "GET /api/web/volunteer/dashboard/ HTTP/1.1" 500 17499
ERROR 2026-03-25 17:48:13,752 log 26156 23020 Internal Server Error: /api/web/volunteer/dashboard/
Traceback (most recent call last):
  File "C:\Users\User\Desktop\BirQadamFull-main\BirQadamDjango\venv\Lib\site-packages\django\core\handlers\exception.py", line 55, in inner
    response = get_response(request)
               ^^^^^^^^^^^^^^^^^^^^^
  File "C:\Users\User\Desktop\BirQadamFull-main\BirQadamDjango\venv\Lib\site-packages\django\core\handlers\base.py", line 197, in _get_response
    response = wrapped_callback(request, *callback_args, **callback_kwargs)
               ^^^^^^^^^^^^^^^^^^^^^^^^^^^^^^^^^^^^^^^^^^^^^^^^^^^^^^^^^^^^
  File "C:\Users\User\Desktop\BirQadamFull-main\BirQadamDjango\venv\Lib\site-packages\django\views\decorators\csrf.py", line 65, in _view_wrapper
    return view_func(request, *args, **kwargs)
           ^^^^^^^^^^^^^^^^^^^^^^^^^^^^^^^^^^^
  File "C:\Users\User\Desktop\BirQadamFull-main\BirQadamDjango\venv\Lib\site-packages\django\views\generic\base.py", line 104, in view
    return self.dispatch(request, *args, **kwargs)
           ^^^^^^^^^^^^^^^^^^^^^^^^^^^^^^^^^^^^^^^
  File "C:\Users\User\Desktop\BirQadamFull-main\BirQadamDjango\venv\Lib\site-packages\django\utils\decorators.py", line 48, in _wrapper
    return bound_method(*args, **kwargs)
           ^^^^^^^^^^^^^^^^^^^^^^^^^^^^^
  File "C:\Users\User\Desktop\BirQadamFull-main\BirQadamDjango\venv\Lib\site-packages\django\views\decorators\csrf.py", line 65, in _view_wrapper
    return view_func(request, *args, **kwargs)
           ^^^^^^^^^^^^^^^^^^^^^^^^^^^^^^^^^^^
  File "C:\Users\User\Desktop\BirQadamFull-main\BirQadamDjango\venv\Lib\site-packages\rest_framework\views.py", line 515, in dispatch
    response = self.handle_exception(exc)
               ^^^^^^^^^^^^^^^^^^^^^^^^^^
  File "C:\Users\User\Desktop\BirQadamFull-main\BirQadamDjango\venv\Lib\site-packages\rest_framework\views.py", line 475, in handle_exception
    self.raise_uncaught_exception(exc)
  File "C:\Users\User\Desktop\BirQadamFull-main\BirQadamDjango\venv\Lib\site-packages\rest_framework\views.py", line 486, in raise_uncaught_exception
    raise exc
  File "C:\Users\User\Desktop\BirQadamFull-main\BirQadamDjango\venv\Lib\site-packages\rest_framework\views.py", line 512, in dispatch
    response = handler(request, *args, **kwargs)
               ^^^^^^^^^^^^^^^^^^^^^^^^^^^^^^^^^
  File "C:\Users\User\Desktop\BirQadamFull-main\BirQadamDjango\api\api\web_portal.py", line 800, in get
    data = get_volunteer_dashboard_data(request.user)
           ^^^^^^^^^^^^^^^^^^^^^^^^^^^^^^^^^^^^^^^^^^
  File "C:\Users\User\Desktop\BirQadamFull-main\BirQadamDjango\api\users\services\dashboard.py", line 152, in get_volunteer_dashboard_data
    Activity.objects.filter(user=user, is_read=False).count()
    ^^^^^^^^
NameError: name 'Activity' is not defined
ERROR 2026-03-25 17:48:13,755 basehttp 26156 23020 "GET /api/web/volunteer/dashboard/ HTTP/1.1" 500 17517
ERROR 2026-03-25 18:06:56,885 log 24516 21168 Internal Server Error: /api/web/volunteer/dashboard/
Traceback (most recent call last):
  File "C:\Users\User\Desktop\BirQadamFull-main\BirQadamDjango\venv\Lib\site-packages\django\core\handlers\exception.py", line 55, in inner
    response = get_response(request)
               ^^^^^^^^^^^^^^^^^^^^^
  File "C:\Users\User\Desktop\BirQadamFull-main\BirQadamDjango\venv\Lib\site-packages\django\core\handlers\base.py", line 197, in _get_response
    response = wrapped_callback(request, *callback_args, **callback_kwargs)
               ^^^^^^^^^^^^^^^^^^^^^^^^^^^^^^^^^^^^^^^^^^^^^^^^^^^^^^^^^^^^
  File "C:\Users\User\Desktop\BirQadamFull-main\BirQadamDjango\venv\Lib\site-packages\django\views\decorators\csrf.py", line 65, in _view_wrapper
    return view_func(request, *args, **kwargs)
           ^^^^^^^^^^^^^^^^^^^^^^^^^^^^^^^^^^^
  File "C:\Users\User\Desktop\BirQadamFull-main\BirQadamDjango\venv\Lib\site-packages\django\views\generic\base.py", line 104, in view
    return self.dispatch(request, *args, **kwargs)
           ^^^^^^^^^^^^^^^^^^^^^^^^^^^^^^^^^^^^^^^
  File "C:\Users\User\Desktop\BirQadamFull-main\BirQadamDjango\venv\Lib\site-packages\django\utils\decorators.py", line 48, in _wrapper
    return bound_method(*args, **kwargs)
           ^^^^^^^^^^^^^^^^^^^^^^^^^^^^^
  File "C:\Users\User\Desktop\BirQadamFull-main\BirQadamDjango\venv\Lib\site-packages\django\views\decorators\csrf.py", line 65, in _view_wrapper
    return view_func(request, *args, **kwargs)
           ^^^^^^^^^^^^^^^^^^^^^^^^^^^^^^^^^^^
  File "C:\Users\User\Desktop\BirQadamFull-main\BirQadamDjango\venv\Lib\site-packages\rest_framework\views.py", line 515, in dispatch
    response = self.handle_exception(exc)
               ^^^^^^^^^^^^^^^^^^^^^^^^^^
  File "C:\Users\User\Desktop\BirQadamFull-main\BirQadamDjango\venv\Lib\site-packages\rest_framework\views.py", line 475, in handle_exception
    self.raise_uncaught_exception(exc)
  File "C:\Users\User\Desktop\BirQadamFull-main\BirQadamDjango\venv\Lib\site-packages\rest_framework\views.py", line 486, in raise_uncaught_exception
    raise exc
  File "C:\Users\User\Desktop\BirQadamFull-main\BirQadamDjango\venv\Lib\site-packages\rest_framework\views.py", line 512, in dispatch
    response = handler(request, *args, **kwargs)
               ^^^^^^^^^^^^^^^^^^^^^^^^^^^^^^^^^
  File "C:\Users\User\Desktop\BirQadamFull-main\BirQadamDjango\api\api\web_portal.py", line 800, in get
    data = get_volunteer_dashboard_data(request.user)
           ^^^^^^^^^^^^^^^^^^^^^^^^^^^^^^^^^^^^^^^^^^
  File "C:\Users\User\Desktop\BirQadamFull-main\BirQadamDjango\api\users\services\dashboard.py", line 176, in get_volunteer_dashboard_data
    if first_join_date is None or vp.joined_at < first_join_date:
       ^^^^^^^^^^^^^^^
UnboundLocalError: cannot access local variable 'first_join_date' where it is not associated with a value
ERROR 2026-03-25 18:06:56,907 basehttp 24516 21168 "GET /api/web/volunteer/dashboard/ HTTP/1.1" 500 17645
ERROR 2026-03-25 18:13:22,241 log 24516 28432 Internal Server Error: /api/web/volunteer/dashboard/
Traceback (most recent call last):
  File "C:\Users\User\Desktop\BirQadamFull-main\BirQadamDjango\venv\Lib\site-packages\django\core\handlers\exception.py", line 55, in inner
    response = get_response(request)
               ^^^^^^^^^^^^^^^^^^^^^
  File "C:\Users\User\Desktop\BirQadamFull-main\BirQadamDjango\venv\Lib\site-packages\django\core\handlers\base.py", line 197, in _get_response
    response = wrapped_callback(request, *callback_args, **callback_kwargs)
               ^^^^^^^^^^^^^^^^^^^^^^^^^^^^^^^^^^^^^^^^^^^^^^^^^^^^^^^^^^^^
  File "C:\Users\User\Desktop\BirQadamFull-main\BirQadamDjango\venv\Lib\site-packages\django\views\decorators\csrf.py", line 65, in _view_wrapper
    return view_func(request, *args, **kwargs)
           ^^^^^^^^^^^^^^^^^^^^^^^^^^^^^^^^^^^
  File "C:\Users\User\Desktop\BirQadamFull-main\BirQadamDjango\venv\Lib\site-packages\django\views\generic\base.py", line 104, in view
    return self.dispatch(request, *args, **kwargs)
           ^^^^^^^^^^^^^^^^^^^^^^^^^^^^^^^^^^^^^^^
  File "C:\Users\User\Desktop\BirQadamFull-main\BirQadamDjango\venv\Lib\site-packages\django\utils\decorators.py", line 48, in _wrapper
    return bound_method(*args, **kwargs)
           ^^^^^^^^^^^^^^^^^^^^^^^^^^^^^
  File "C:\Users\User\Desktop\BirQadamFull-main\BirQadamDjango\venv\Lib\site-packages\django\views\decorators\csrf.py", line 65, in _view_wrapper
    return view_func(request, *args, **kwargs)
           ^^^^^^^^^^^^^^^^^^^^^^^^^^^^^^^^^^^
  File "C:\Users\User\Desktop\BirQadamFull-main\BirQadamDjango\venv\Lib\site-packages\rest_framework\views.py", line 515, in dispatch
    response = self.handle_exception(exc)
               ^^^^^^^^^^^^^^^^^^^^^^^^^^
  File "C:\Users\User\Desktop\BirQadamFull-main\BirQadamDjango\venv\Lib\site-packages\rest_framework\views.py", line 475, in handle_exception
    self.raise_uncaught_exception(exc)
  File "C:\Users\User\Desktop\BirQadamFull-main\BirQadamDjango\venv\Lib\site-packages\rest_framework\views.py", line 486, in raise_uncaught_exception
    raise exc
  File "C:\Users\User\Desktop\BirQadamFull-main\BirQadamDjango\venv\Lib\site-packages\rest_framework\views.py", line 512, in dispatch
    response = handler(request, *args, **kwargs)
               ^^^^^^^^^^^^^^^^^^^^^^^^^^^^^^^^^
  File "C:\Users\User\Desktop\BirQadamFull-main\BirQadamDjango\api\api\web_portal.py", line 800, in get
    data = get_volunteer_dashboard_data(request.user)
           ^^^^^^^^^^^^^^^^^^^^^^^^^^^^^^^^^^^^^^^^^^
  File "C:\Users\User\Desktop\BirQadamFull-main\BirQadamDjango\api\users\services\dashboard.py", line 176, in get_volunteer_dashboard_data
    if first_join_date is None or vp.joined_at < first_join_date:
       ^^^^^^^^^^^^^^^
UnboundLocalError: cannot access local variable 'first_join_date' where it is not associated with a value
ERROR 2026-03-25 18:13:22,246 basehttp 24516 28432 "GET /api/web/volunteer/dashboard/ HTTP/1.1" 500 17610
ERROR 2026-03-25 18:13:30,057 log 24516 28432 Internal Server Error: /api/web/volunteer/dashboard/
Traceback (most recent call last):
  File "C:\Users\User\Desktop\BirQadamFull-main\BirQadamDjango\venv\Lib\site-packages\django\core\handlers\exception.py", line 55, in inner
    response = get_response(request)
               ^^^^^^^^^^^^^^^^^^^^^
  File "C:\Users\User\Desktop\BirQadamFull-main\BirQadamDjango\venv\Lib\site-packages\django\core\handlers\base.py", line 197, in _get_response
    response = wrapped_callback(request, *callback_args, **callback_kwargs)
               ^^^^^^^^^^^^^^^^^^^^^^^^^^^^^^^^^^^^^^^^^^^^^^^^^^^^^^^^^^^^
  File "C:\Users\User\Desktop\BirQadamFull-main\BirQadamDjango\venv\Lib\site-packages\django\views\decorators\csrf.py", line 65, in _view_wrapper
    return view_func(request, *args, **kwargs)
           ^^^^^^^^^^^^^^^^^^^^^^^^^^^^^^^^^^^
  File "C:\Users\User\Desktop\BirQadamFull-main\BirQadamDjango\venv\Lib\site-packages\django\views\generic\base.py", line 104, in view
    return self.dispatch(request, *args, **kwargs)
           ^^^^^^^^^^^^^^^^^^^^^^^^^^^^^^^^^^^^^^^
  File "C:\Users\User\Desktop\BirQadamFull-main\BirQadamDjango\venv\Lib\site-packages\django\utils\decorators.py", line 48, in _wrapper
    return bound_method(*args, **kwargs)
           ^^^^^^^^^^^^^^^^^^^^^^^^^^^^^
  File "C:\Users\User\Desktop\BirQadamFull-main\BirQadamDjango\venv\Lib\site-packages\django\views\decorators\csrf.py", line 65, in _view_wrapper
    return view_func(request, *args, **kwargs)
           ^^^^^^^^^^^^^^^^^^^^^^^^^^^^^^^^^^^
  File "C:\Users\User\Desktop\BirQadamFull-main\BirQadamDjango\venv\Lib\site-packages\rest_framework\views.py", line 515, in dispatch
    response = self.handle_exception(exc)
               ^^^^^^^^^^^^^^^^^^^^^^^^^^
  File "C:\Users\User\Desktop\BirQadamFull-main\BirQadamDjango\venv\Lib\site-packages\rest_framework\views.py", line 475, in handle_exception
    self.raise_uncaught_exception(exc)
  File "C:\Users\User\Desktop\BirQadamFull-main\BirQadamDjango\venv\Lib\site-packages\rest_framework\views.py", line 486, in raise_uncaught_exception
    raise exc
  File "C:\Users\User\Desktop\BirQadamFull-main\BirQadamDjango\venv\Lib\site-packages\rest_framework\views.py", line 512, in dispatch
    response = handler(request, *args, **kwargs)
               ^^^^^^^^^^^^^^^^^^^^^^^^^^^^^^^^^
  File "C:\Users\User\Desktop\BirQadamFull-main\BirQadamDjango\api\api\web_portal.py", line 800, in get
    data = get_volunteer_dashboard_data(request.user)
           ^^^^^^^^^^^^^^^^^^^^^^^^^^^^^^^^^^^^^^^^^^
  File "C:\Users\User\Desktop\BirQadamFull-main\BirQadamDjango\api\users\services\dashboard.py", line 176, in get_volunteer_dashboard_data
    if first_join_date is None or vp.joined_at < first_join_date:
       ^^^^^^^^^^^^^^^
UnboundLocalError: cannot access local variable 'first_join_date' where it is not associated with a value
ERROR 2026-03-25 18:13:30,062 basehttp 24516 28432 "GET /api/web/volunteer/dashboard/ HTTP/1.1" 500 17611
ERROR 2026-03-25 18:28:33,426 log 19264 14644 Internal Server Error: /api/web/volunteer/dashboard/
Traceback (most recent call last):
  File "C:\Users\User\Desktop\BirQadamFull-main\BirQadamDjango\venv\Lib\site-packages\django\core\handlers\exception.py", line 55, in inner
    response = get_response(request)
               ^^^^^^^^^^^^^^^^^^^^^
  File "C:\Users\User\Desktop\BirQadamFull-main\BirQadamDjango\venv\Lib\site-packages\django\core\handlers\base.py", line 197, in _get_response
    response = wrapped_callback(request, *callback_args, **callback_kwargs)
               ^^^^^^^^^^^^^^^^^^^^^^^^^^^^^^^^^^^^^^^^^^^^^^^^^^^^^^^^^^^^
  File "C:\Users\User\Desktop\BirQadamFull-main\BirQadamDjango\venv\Lib\site-packages\django\views\decorators\csrf.py", line 65, in _view_wrapper
    return view_func(request, *args, **kwargs)
           ^^^^^^^^^^^^^^^^^^^^^^^^^^^^^^^^^^^
  File "C:\Users\User\Desktop\BirQadamFull-main\BirQadamDjango\venv\Lib\site-packages\django\views\generic\base.py", line 104, in view
    return self.dispatch(request, *args, **kwargs)
           ^^^^^^^^^^^^^^^^^^^^^^^^^^^^^^^^^^^^^^^
  File "C:\Users\User\Desktop\BirQadamFull-main\BirQadamDjango\venv\Lib\site-packages\django\utils\decorators.py", line 48, in _wrapper
    return bound_method(*args, **kwargs)
           ^^^^^^^^^^^^^^^^^^^^^^^^^^^^^
  File "C:\Users\User\Desktop\BirQadamFull-main\BirQadamDjango\venv\Lib\site-packages\django\views\decorators\csrf.py", line 65, in _view_wrapper
    return view_func(request, *args, **kwargs)
           ^^^^^^^^^^^^^^^^^^^^^^^^^^^^^^^^^^^
  File "C:\Users\User\Desktop\BirQadamFull-main\BirQadamDjango\venv\Lib\site-packages\rest_framework\views.py", line 515, in dispatch
    response = self.handle_exception(exc)
               ^^^^^^^^^^^^^^^^^^^^^^^^^^
  File "C:\Users\User\Desktop\BirQadamFull-main\BirQadamDjango\venv\Lib\site-packages\rest_framework\views.py", line 475, in handle_exception
    self.raise_uncaught_exception(exc)
  File "C:\Users\User\Desktop\BirQadamFull-main\BirQadamDjango\venv\Lib\site-packages\rest_framework\views.py", line 486, in raise_uncaught_exception
    raise exc
  File "C:\Users\User\Desktop\BirQadamFull-main\BirQadamDjango\venv\Lib\site-packages\rest_framework\views.py", line 512, in dispatch
    response = handler(request, *args, **kwargs)
               ^^^^^^^^^^^^^^^^^^^^^^^^^^^^^^^^^
  File "C:\Users\User\Desktop\BirQadamFull-main\BirQadamDjango\api\api\web_portal.py", line 800, in get
    data = get_volunteer_dashboard_data(request.user)
           ^^^^^^^^^^^^^^^^^^^^^^^^^^^^^^^^^^^^^^^^^^
  File "C:\Users\User\Desktop\BirQadamFull-main\BirQadamDjango\api\users\services\dashboard.py", line 183, in get_volunteer_dashboard_data
    if first_join_date is None or vp.joined_at < first_join_date:
       ^^^^^^^^^^^^^^^
UnboundLocalError: cannot access local variable 'first_join_date' where it is not associated with a value
ERROR 2026-03-25 18:28:33,438 basehttp 19264 14644 "GET /api/web/volunteer/dashboard/ HTTP/1.1" 500 17676
ERROR 2026-03-25 19:39:29,857 log 15392 28440 Internal Server Error: /api/web/volunteer/dashboard/
Traceback (most recent call last):
  File "C:\Users\User\Desktop\BirQadamFull-main\BirQadamDjango\venv\Lib\site-packages\django\core\handlers\exception.py", line 55, in inner
    response = get_response(request)
               ^^^^^^^^^^^^^^^^^^^^^
  File "C:\Users\User\Desktop\BirQadamFull-main\BirQadamDjango\venv\Lib\site-packages\django\core\handlers\base.py", line 197, in _get_response
    response = wrapped_callback(request, *callback_args, **callback_kwargs)
               ^^^^^^^^^^^^^^^^^^^^^^^^^^^^^^^^^^^^^^^^^^^^^^^^^^^^^^^^^^^^
  File "C:\Users\User\Desktop\BirQadamFull-main\BirQadamDjango\venv\Lib\site-packages\django\views\decorators\csrf.py", line 65, in _view_wrapper
    return view_func(request, *args, **kwargs)
           ^^^^^^^^^^^^^^^^^^^^^^^^^^^^^^^^^^^
  File "C:\Users\User\Desktop\BirQadamFull-main\BirQadamDjango\venv\Lib\site-packages\django\views\generic\base.py", line 104, in view
    return self.dispatch(request, *args, **kwargs)
           ^^^^^^^^^^^^^^^^^^^^^^^^^^^^^^^^^^^^^^^
  File "C:\Users\User\Desktop\BirQadamFull-main\BirQadamDjango\venv\Lib\site-packages\django\utils\decorators.py", line 48, in _wrapper
    return bound_method(*args, **kwargs)
           ^^^^^^^^^^^^^^^^^^^^^^^^^^^^^
  File "C:\Users\User\Desktop\BirQadamFull-main\BirQadamDjango\venv\Lib\site-packages\django\views\decorators\csrf.py", line 65, in _view_wrapper
    return view_func(request, *args, **kwargs)
           ^^^^^^^^^^^^^^^^^^^^^^^^^^^^^^^^^^^
  File "C:\Users\User\Desktop\BirQadamFull-main\BirQadamDjango\venv\Lib\site-packages\rest_framework\views.py", line 515, in dispatch
    response = self.handle_exception(exc)
               ^^^^^^^^^^^^^^^^^^^^^^^^^^
  File "C:\Users\User\Desktop\BirQadamFull-main\BirQadamDjango\venv\Lib\site-packages\rest_framework\views.py", line 475, in handle_exception
    self.raise_uncaught_exception(exc)
  File "C:\Users\User\Desktop\BirQadamFull-main\BirQadamDjango\venv\Lib\site-packages\rest_framework\views.py", line 486, in raise_uncaught_exception
    raise exc
  File "C:\Users\User\Desktop\BirQadamFull-main\BirQadamDjango\venv\Lib\site-packages\rest_framework\views.py", line 512, in dispatch
    response = handler(request, *args, **kwargs)
               ^^^^^^^^^^^^^^^^^^^^^^^^^^^^^^^^^
  File "C:\Users\User\Desktop\BirQadamFull-main\BirQadamDjango\api\api\web_portal.py", line 800, in get
    data = get_volunteer_dashboard_data(request.user)
           ^^^^^^^^^^^^^^^^^^^^^^^^^^^^^^^^^^^^^^^^^^
  File "C:\Users\User\Desktop\BirQadamFull-main\BirQadamDjango\api\users\services\dashboard.py", line 152, in get_volunteer_dashboard_data
    logger.info(f"[DASHBOARD_SERVICE] User {user.id}: tasks_qs count={tasks_qs.count()}, joined_projects={len(joined_project_ids)}")
    ^^^^^^
NameError: name 'logger' is not defined
ERROR 2026-03-25 19:39:29,861 basehttp 15392 28440 "GET /api/web/volunteer/dashboard/ HTTP/1.1" 500 17284
ERROR 2026-03-25 19:42:41,457 log 29332 19396 Internal Server Error: /api/web/volunteer/dashboard/
Traceback (most recent call last):
  File "C:\Users\User\Desktop\BirQadamFull-main\BirQadamDjango\venv\Lib\site-packages\django\core\handlers\exception.py", line 55, in inner
    response = get_response(request)
               ^^^^^^^^^^^^^^^^^^^^^
  File "C:\Users\User\Desktop\BirQadamFull-main\BirQadamDjango\venv\Lib\site-packages\django\core\handlers\base.py", line 197, in _get_response
    response = wrapped_callback(request, *callback_args, **callback_kwargs)
               ^^^^^^^^^^^^^^^^^^^^^^^^^^^^^^^^^^^^^^^^^^^^^^^^^^^^^^^^^^^^
  File "C:\Users\User\Desktop\BirQadamFull-main\BirQadamDjango\venv\Lib\site-packages\django\views\decorators\csrf.py", line 65, in _view_wrapper
    return view_func(request, *args, **kwargs)
           ^^^^^^^^^^^^^^^^^^^^^^^^^^^^^^^^^^^
  File "C:\Users\User\Desktop\BirQadamFull-main\BirQadamDjango\venv\Lib\site-packages\django\views\generic\base.py", line 104, in view
    return self.dispatch(request, *args, **kwargs)
           ^^^^^^^^^^^^^^^^^^^^^^^^^^^^^^^^^^^^^^^
  File "C:\Users\User\Desktop\BirQadamFull-main\BirQadamDjango\venv\Lib\site-packages\django\utils\decorators.py", line 48, in _wrapper
    return bound_method(*args, **kwargs)
           ^^^^^^^^^^^^^^^^^^^^^^^^^^^^^
  File "C:\Users\User\Desktop\BirQadamFull-main\BirQadamDjango\venv\Lib\site-packages\django\views\decorators\csrf.py", line 65, in _view_wrapper
    return view_func(request, *args, **kwargs)
           ^^^^^^^^^^^^^^^^^^^^^^^^^^^^^^^^^^^
  File "C:\Users\User\Desktop\BirQadamFull-main\BirQadamDjango\venv\Lib\site-packages\rest_framework\views.py", line 515, in dispatch
    response = self.handle_exception(exc)
               ^^^^^^^^^^^^^^^^^^^^^^^^^^
  File "C:\Users\User\Desktop\BirQadamFull-main\BirQadamDjango\venv\Lib\site-packages\rest_framework\views.py", line 475, in handle_exception
    self.raise_uncaught_exception(exc)
  File "C:\Users\User\Desktop\BirQadamFull-main\BirQadamDjango\venv\Lib\site-packages\rest_framework\views.py", line 486, in raise_uncaught_exception
    raise exc
  File "C:\Users\User\Desktop\BirQadamFull-main\BirQadamDjango\venv\Lib\site-packages\rest_framework\views.py", line 512, in dispatch
    response = handler(request, *args, **kwargs)
               ^^^^^^^^^^^^^^^^^^^^^^^^^^^^^^^^^
  File "C:\Users\User\Desktop\BirQadamFull-main\BirQadamDjango\api\api\web_portal.py", line 800, in get
    data = get_volunteer_dashboard_data(request.user)
           ^^^^^^^^^^^^^^^^^^^^^^^^^^^^^^^^^^^^^^^^^^
  File "C:\Users\User\Desktop\BirQadamFull-main\BirQadamDjango\api\users\services\dashboard.py", line 152, in get_volunteer_dashboard_data
    logger.info(f"[DASHBOARD_SERVICE] User {user.id}: tasks_qs count={tasks_qs.count()}, joined_projects={len(joined_project_ids)}")
    ^^^^^^
NameError: name 'logger' is not defined
ERROR 2026-03-25 19:42:41,462 basehttp 29332 19396 "GET /api/web/volunteer/dashboard/ HTTP/1.1" 500 17222
ERROR 2026-03-25 19:42:58,960 log 29332 19000 Internal Server Error: /api/web/volunteer/dashboard/
Traceback (most recent call last):
  File "C:\Users\User\Desktop\BirQadamFull-main\BirQadamDjango\venv\Lib\site-packages\django\core\handlers\exception.py", line 55, in inner
    response = get_response(request)
               ^^^^^^^^^^^^^^^^^^^^^
  File "C:\Users\User\Desktop\BirQadamFull-main\BirQadamDjango\venv\Lib\site-packages\django\core\handlers\base.py", line 197, in _get_response
    response = wrapped_callback(request, *callback_args, **callback_kwargs)
               ^^^^^^^^^^^^^^^^^^^^^^^^^^^^^^^^^^^^^^^^^^^^^^^^^^^^^^^^^^^^
  File "C:\Users\User\Desktop\BirQadamFull-main\BirQadamDjango\venv\Lib\site-packages\django\views\decorators\csrf.py", line 65, in _view_wrapper
    return view_func(request, *args, **kwargs)
           ^^^^^^^^^^^^^^^^^^^^^^^^^^^^^^^^^^^
  File "C:\Users\User\Desktop\BirQadamFull-main\BirQadamDjango\venv\Lib\site-packages\django\views\generic\base.py", line 104, in view
    return self.dispatch(request, *args, **kwargs)
           ^^^^^^^^^^^^^^^^^^^^^^^^^^^^^^^^^^^^^^^
  File "C:\Users\User\Desktop\BirQadamFull-main\BirQadamDjango\venv\Lib\site-packages\django\utils\decorators.py", line 48, in _wrapper
    return bound_method(*args, **kwargs)
           ^^^^^^^^^^^^^^^^^^^^^^^^^^^^^
  File "C:\Users\User\Desktop\BirQadamFull-main\BirQadamDjango\venv\Lib\site-packages\django\views\decorators\csrf.py", line 65, in _view_wrapper
    return view_func(request, *args, **kwargs)
           ^^^^^^^^^^^^^^^^^^^^^^^^^^^^^^^^^^^
  File "C:\Users\User\Desktop\BirQadamFull-main\BirQadamDjango\venv\Lib\site-packages\rest_framework\views.py", line 515, in dispatch
    response = self.handle_exception(exc)
               ^^^^^^^^^^^^^^^^^^^^^^^^^^
  File "C:\Users\User\Desktop\BirQadamFull-main\BirQadamDjango\venv\Lib\site-packages\rest_framework\views.py", line 475, in handle_exception
    self.raise_uncaught_exception(exc)
  File "C:\Users\User\Desktop\BirQadamFull-main\BirQadamDjango\venv\Lib\site-packages\rest_framework\views.py", line 486, in raise_uncaught_exception
    raise exc
  File "C:\Users\User\Desktop\BirQadamFull-main\BirQadamDjango\venv\Lib\site-packages\rest_framework\views.py", line 512, in dispatch
    response = handler(request, *args, **kwargs)
               ^^^^^^^^^^^^^^^^^^^^^^^^^^^^^^^^^
  File "C:\Users\User\Desktop\BirQadamFull-main\BirQadamDjango\api\api\web_portal.py", line 800, in get
    data = get_volunteer_dashboard_data(request.user)
           ^^^^^^^^^^^^^^^^^^^^^^^^^^^^^^^^^^^^^^^^^^
  File "C:\Users\User\Desktop\BirQadamFull-main\BirQadamDjango\api\users\services\dashboard.py", line 152, in get_volunteer_dashboard_data
    logger.info(f"[DASHBOARD_SERVICE] User {user.id}: tasks_qs count={tasks_qs.count()}, joined_projects={len(joined_project_ids)}")
    ^^^^^^
NameError: name 'logger' is not defined
ERROR 2026-03-25 19:42:58,963 basehttp 29332 19000 "GET /api/web/volunteer/dashboard/ HTTP/1.1" 500 17278
ERROR 2026-03-25 19:51:33,515 log 28460 20668 Internal Server Error: /admin/api/project/
Traceback (most recent call last):
  File "C:\Users\User\Desktop\BirQadamFull-main\BirQadamDjango\venv\Lib\site-packages\django\db\backends\base\base.py", line 303, in _commit
    return self.connection.commit()
           ^^^^^^^^^^^^^^^^^^^^^^^^
  File "C:\Users\User\Desktop\BirQadamFull-main\BirQadamDjango\venv\Lib\site-packages\psycopg\connection.py", line 256, in commit
    self.wait(self._commit_gen())
  File "C:\Users\User\Desktop\BirQadamFull-main\BirQadamDjango\venv\Lib\site-packages\psycopg\connection.py", line 394, in wait
    return waiting.wait(gen, self.pgconn.socket, interval=interval)
           ^^^^^^^^^^^^^^^^^^^^^^^^^^^^^^^^^^^^^^^^^^^^^^^^^^^^^^^^
  File "C:\Users\User\Desktop\BirQadamFull-main\BirQadamDjango\venv\Lib\site-packages\psycopg\waiting.py", line 255, in wait_select
    s = gen.send(ready)
        ^^^^^^^^^^^^^^^
  File "C:\Users\User\Desktop\BirQadamFull-main\BirQadamDjango\venv\Lib\site-packages\psycopg\_connection_base.py", line 577, in _commit_gen
    yield from self._exec_command(b"COMMIT")
  File "C:\Users\User\Desktop\BirQadamFull-main\BirQadamDjango\venv\Lib\site-packages\psycopg\_connection_base.py", line 472, in _exec_command
    raise e.error_from_result(result, encoding=self.pgconn._encoding)
psycopg.errors.ForeignKeyViolation: UPDATE или DELETE в таблице "api_chat" нарушает ограничение внешнего ключа "api_chat_participants_chat_id_dcc090e8_fk_core_chat_id" таблицы "core_chat_participants"
DETAIL:  Ќа ключ (id)=(56) всЄ ещЄ есть ссылки в таблице "core_chat_participants".

The above exception was the direct cause of the following exception:

Traceback (most recent call last):
  File "C:\Users\User\Desktop\BirQadamFull-main\BirQadamDjango\venv\Lib\site-packages\django\core\handlers\exception.py", line 55, in inner
    response = get_response(request)
               ^^^^^^^^^^^^^^^^^^^^^
  File "C:\Users\User\Desktop\BirQadamFull-main\BirQadamDjango\venv\Lib\site-packages\django\core\handlers\base.py", line 197, in _get_response
    response = wrapped_callback(request, *callback_args, **callback_kwargs)
               ^^^^^^^^^^^^^^^^^^^^^^^^^^^^^^^^^^^^^^^^^^^^^^^^^^^^^^^^^^^^
  File "C:\Users\User\Desktop\BirQadamFull-main\BirQadamDjango\venv\Lib\site-packages\django\contrib\admin\options.py", line 719, in wrapper
    return self.admin_site.admin_view(view)(*args, **kwargs)
           ^^^^^^^^^^^^^^^^^^^^^^^^^^^^^^^^^^^^^^^^^^^^^^^^^
  File "C:\Users\User\Desktop\BirQadamFull-main\BirQadamDjango\venv\Lib\site-packages\django\utils\decorators.py", line 192, in _view_wrapper
    result = _process_exception(request, e)
             ^^^^^^^^^^^^^^^^^^^^^^^^^^^^^^
  File "C:\Users\User\Desktop\BirQadamFull-main\BirQadamDjango\venv\Lib\site-packages\django\utils\decorators.py", line 190, in _view_wrapper
    response = view_func(request, *args, **kwargs)
               ^^^^^^^^^^^^^^^^^^^^^^^^^^^^^^^^^^^
  File "C:\Users\User\Desktop\BirQadamFull-main\BirQadamDjango\venv\Lib\site-packages\django\views\decorators\cache.py", line 80, in _view_wrapper
    response = view_func(request, *args, **kwargs)
               ^^^^^^^^^^^^^^^^^^^^^^^^^^^^^^^^^^^
  File "C:\Users\User\Desktop\BirQadamFull-main\BirQadamDjango\venv\Lib\site-packages\django\contrib\admin\sites.py", line 246, in inner
    return view(request, *args, **kwargs)
           ^^^^^^^^^^^^^^^^^^^^^^^^^^^^^^
  File "C:\Users\User\Desktop\BirQadamFull-main\BirQadamDjango\venv\Lib\site-packages\django\utils\decorators.py", line 48, in _wrapper
    return bound_method(*args, **kwargs)
           ^^^^^^^^^^^^^^^^^^^^^^^^^^^^^
  File "C:\Users\User\Desktop\BirQadamFull-main\BirQadamDjango\venv\Lib\site-packages\django\utils\decorators.py", line 192, in _view_wrapper
    result = _process_exception(request, e)
             ^^^^^^^^^^^^^^^^^^^^^^^^^^^^^^
  File "C:\Users\User\Desktop\BirQadamFull-main\BirQadamDjango\venv\Lib\site-packages\django\utils\decorators.py", line 190, in _view_wrapper
    response = view_func(request, *args, **kwargs)
               ^^^^^^^^^^^^^^^^^^^^^^^^^^^^^^^^^^^
  File "C:\Users\User\Desktop\BirQadamFull-main\BirQadamDjango\venv\Lib\site-packages\django\contrib\admin\options.py", line 2081, in changelist_view
    response = self.response_action(
               ^^^^^^^^^^^^^^^^^^^^^
  File "C:\Users\User\Desktop\BirQadamFull-main\BirQadamDjango\venv\Lib\site-packages\django\contrib\admin\options.py", line 1686, in response_action
    response = func(self, request, queryset)
               ^^^^^^^^^^^^^^^^^^^^^^^^^^^^^
  File "C:\Users\User\Desktop\BirQadamFull-main\BirQadamDjango\venv\Lib\site-packages\django\contrib\admin\actions.py", line 49, in delete_selected
    modeladmin.delete_queryset(request, queryset)
  File "C:\Users\User\Desktop\BirQadamFull-main\BirQadamDjango\venv\Lib\site-packages\django\contrib\admin\options.py", line 1324, in delete_queryset
    queryset.delete()
  File "C:\Users\User\Desktop\BirQadamFull-main\BirQadamDjango\venv\Lib\site-packages\django\db\models\query.py", line 1197, in delete
    num_deleted, num_deleted_per_model = collector.delete()
                                         ^^^^^^^^^^^^^^^^^^
  File "C:\Users\User\Desktop\BirQadamFull-main\BirQadamDjango\venv\Lib\site-packages\django\db\models\deletion.py", line 454, in delete
    with transaction.atomic(using=self.using, savepoint=False):
  File "C:\Users\User\Desktop\BirQadamFull-main\BirQadamDjango\venv\Lib\site-packages\django\db\transaction.py", line 263, in __exit__
    connection.commit()
  File "C:\Users\User\Desktop\BirQadamFull-main\BirQadamDjango\venv\Lib\site-packages\django\utils\asyncio.py", line 26, in inner
    return func(*args, **kwargs)
           ^^^^^^^^^^^^^^^^^^^^^
  File "C:\Users\User\Desktop\BirQadamFull-main\BirQadamDjango\venv\Lib\site-packages\django\db\backends\base\base.py", line 327, in commit
    self._commit()
  File "C:\Users\User\Desktop\BirQadamFull-main\BirQadamDjango\venv\Lib\site-packages\django\db\backends\base\base.py", line 302, in _commit
    with debug_transaction(self, "COMMIT"), self.wrap_database_errors:
  File "C:\Users\User\Desktop\BirQadamFull-main\BirQadamDjango\venv\Lib\site-packages\django\db\utils.py", line 91, in __exit__
    raise dj_exc_value.with_traceback(traceback) from exc_value
  File "C:\Users\User\Desktop\BirQadamFull-main\BirQadamDjango\venv\Lib\site-packages\django\db\backends\base\base.py", line 303, in _commit
    return self.connection.commit()
           ^^^^^^^^^^^^^^^^^^^^^^^^
  File "C:\Users\User\Desktop\BirQadamFull-main\BirQadamDjango\venv\Lib\site-packages\psycopg\connection.py", line 256, in commit
    self.wait(self._commit_gen())
  File "C:\Users\User\Desktop\BirQadamFull-main\BirQadamDjango\venv\Lib\site-packages\psycopg\connection.py", line 394, in wait
    return waiting.wait(gen, self.pgconn.socket, interval=interval)
           ^^^^^^^^^^^^^^^^^^^^^^^^^^^^^^^^^^^^^^^^^^^^^^^^^^^^^^^^
  File "C:\Users\User\Desktop\BirQadamFull-main\BirQadamDjango\venv\Lib\site-packages\psycopg\waiting.py", line 255, in wait_select
    s = gen.send(ready)
        ^^^^^^^^^^^^^^^
  File "C:\Users\User\Desktop\BirQadamFull-main\BirQadamDjango\venv\Lib\site-packages\psycopg\_connection_base.py", line 577, in _commit_gen
    yield from self._exec_command(b"COMMIT")
  File "C:\Users\User\Desktop\BirQadamFull-main\BirQadamDjango\venv\Lib\site-packages\psycopg\_connection_base.py", line 472, in _exec_command
    raise e.error_from_result(result, encoding=self.pgconn._encoding)
django.db.utils.IntegrityError: UPDATE или DELETE в таблице "api_chat" нарушает ограничение внешнего ключа "api_chat_participants_chat_id_dcc090e8_fk_core_chat_id" таблицы "core_chat_participants"
DETAIL:  Ќа ключ (id)=(56) всЄ ещЄ есть ссылки в таблице "core_chat_participants".
ERROR 2026-03-25 19:51:33,559 basehttp 28460 20668 "POST /admin/api/project/ HTTP/1.1" 500 27057
ERROR 2026-03-25 21:02:59,191 log 21492 28408 Internal Server Error: /api/web/volunteer/tasks/32492/
Traceback (most recent call last):
  File "C:\Users\User\Desktop\BirQadamFull-main\BirQadamDjango\venv\Lib\site-packages\django\core\handlers\exception.py", line 55, in inner
    response = get_response(request)
               ^^^^^^^^^^^^^^^^^^^^^
  File "C:\Users\User\Desktop\BirQadamFull-main\BirQadamDjango\venv\Lib\site-packages\django\core\handlers\base.py", line 197, in _get_response
    response = wrapped_callback(request, *callback_args, **callback_kwargs)
               ^^^^^^^^^^^^^^^^^^^^^^^^^^^^^^^^^^^^^^^^^^^^^^^^^^^^^^^^^^^^
  File "C:\Users\User\Desktop\BirQadamFull-main\BirQadamDjango\venv\Lib\site-packages\django\views\decorators\csrf.py", line 65, in _view_wrapper
    return view_func(request, *args, **kwargs)
           ^^^^^^^^^^^^^^^^^^^^^^^^^^^^^^^^^^^
  File "C:\Users\User\Desktop\BirQadamFull-main\BirQadamDjango\venv\Lib\site-packages\django\views\generic\base.py", line 104, in view
    return self.dispatch(request, *args, **kwargs)
           ^^^^^^^^^^^^^^^^^^^^^^^^^^^^^^^^^^^^^^^
  File "C:\Users\User\Desktop\BirQadamFull-main\BirQadamDjango\venv\Lib\site-packages\rest_framework\views.py", line 515, in dispatch
    response = self.handle_exception(exc)
               ^^^^^^^^^^^^^^^^^^^^^^^^^^
  File "C:\Users\User\Desktop\BirQadamFull-main\BirQadamDjango\venv\Lib\site-packages\rest_framework\views.py", line 475, in handle_exception
    self.raise_uncaught_exception(exc)
  File "C:\Users\User\Desktop\BirQadamFull-main\BirQadamDjango\venv\Lib\site-packages\rest_framework\views.py", line 486, in raise_uncaught_exception
    raise exc
  File "C:\Users\User\Desktop\BirQadamFull-main\BirQadamDjango\venv\Lib\site-packages\rest_framework\views.py", line 512, in dispatch
    response = handler(request, *args, **kwargs)
               ^^^^^^^^^^^^^^^^^^^^^^^^^^^^^^^^^
  File "C:\Users\User\Desktop\BirQadamFull-main\BirQadamDjango\api\api\web_portal.py", line 2397, in get
    return Response(serializer.data)
                    ^^^^^^^^^^^^^^^
  File "C:\Users\User\Desktop\BirQadamFull-main\BirQadamDjango\venv\Lib\site-packages\rest_framework\serializers.py", line 573, in data
    ret = super().data
          ^^^^^^^^^^^^
  File "C:\Users\User\Desktop\BirQadamFull-main\BirQadamDjango\venv\Lib\site-packages\rest_framework\serializers.py", line 251, in data
    self._data = self.to_representation(self.instance)
                 ^^^^^^^^^^^^^^^^^^^^^^^^^^^^^^^^^^^^^
  File "C:\Users\User\Desktop\BirQadamFull-main\BirQadamDjango\venv\Lib\site-packages\rest_framework\serializers.py", line 525, in to_representation
    for field in fields:
  File "C:\Users\User\Desktop\BirQadamFull-main\BirQadamDjango\venv\Lib\site-packages\rest_framework\serializers.py", line 386, in _readable_fields
    for field in self.fields.values():
                 ^^^^^^^^^^^
  File "C:\Users\User\Desktop\BirQadamFull-main\BirQadamDjango\venv\Lib\site-packages\django\utils\functional.py", line 47, in __get__
    res = instance.__dict__[self.name] = self.func(instance)
                                         ^^^^^^^^^^^^^^^^^^^
  File "C:\Users\User\Desktop\BirQadamFull-main\BirQadamDjango\venv\Lib\site-packages\rest_framework\serializers.py", line 375, in fields
    fields[key] = value
    ~~~~~~^^^^^
  File "C:\Users\User\Desktop\BirQadamFull-main\BirQadamDjango\venv\Lib\site-packages\rest_framework\utils\serializer_helpers.py", line 167, in __setitem__
    field.bind(field_name=key, parent=self.serializer)
  File "C:\Users\User\Desktop\BirQadamFull-main\BirQadamDjango\venv\Lib\site-packages\rest_framework\fields.py", line 358, in bind
    assert self.source != field_name, (
AssertionError: It is redundant to specify `source='created_at'` on field 'DateTimeField' in serializer 'VolunteerTaskSummarySerializer', because it is the same as the field name. Remove the `source` keyword argument.
ERROR 2026-03-25 21:02:59,217 basehttp 21492 28408 "GET /api/web/volunteer/tasks/32492/ HTTP/1.1" 500 18278
ERROR 2026-03-25 21:03:02,330 log 21492 28408 Internal Server Error: /api/web/volunteer/tasks/32493/
Traceback (most recent call last):
  File "C:\Users\User\Desktop\BirQadamFull-main\BirQadamDjango\venv\Lib\site-packages\django\core\handlers\exception.py", line 55, in inner
    response = get_response(request)
               ^^^^^^^^^^^^^^^^^^^^^
  File "C:\Users\User\Desktop\BirQadamFull-main\BirQadamDjango\venv\Lib\site-packages\django\core\handlers\base.py", line 197, in _get_response
    response = wrapped_callback(request, *callback_args, **callback_kwargs)
               ^^^^^^^^^^^^^^^^^^^^^^^^^^^^^^^^^^^^^^^^^^^^^^^^^^^^^^^^^^^^
  File "C:\Users\User\Desktop\BirQadamFull-main\BirQadamDjango\venv\Lib\site-packages\django\views\decorators\csrf.py", line 65, in _view_wrapper
    return view_func(request, *args, **kwargs)
           ^^^^^^^^^^^^^^^^^^^^^^^^^^^^^^^^^^^
  File "C:\Users\User\Desktop\BirQadamFull-main\BirQadamDjango\venv\Lib\site-packages\django\views\generic\base.py", line 104, in view
    return self.dispatch(request, *args, **kwargs)
           ^^^^^^^^^^^^^^^^^^^^^^^^^^^^^^^^^^^^^^^
  File "C:\Users\User\Desktop\BirQadamFull-main\BirQadamDjango\venv\Lib\site-packages\rest_framework\views.py", line 515, in dispatch
    response = self.handle_exception(exc)
               ^^^^^^^^^^^^^^^^^^^^^^^^^^
  File "C:\Users\User\Desktop\BirQadamFull-main\BirQadamDjango\venv\Lib\site-packages\rest_framework\views.py", line 475, in handle_exception
    self.raise_uncaught_exception(exc)
  File "C:\Users\User\Desktop\BirQadamFull-main\BirQadamDjango\venv\Lib\site-packages\rest_framework\views.py", line 486, in raise_uncaught_exception
    raise exc
  File "C:\Users\User\Desktop\BirQadamFull-main\BirQadamDjango\venv\Lib\site-packages\rest_framework\views.py", line 512, in dispatch
    response = handler(request, *args, **kwargs)
               ^^^^^^^^^^^^^^^^^^^^^^^^^^^^^^^^^
  File "C:\Users\User\Desktop\BirQadamFull-main\BirQadamDjango\api\api\web_portal.py", line 2397, in get
    return Response(serializer.data)
                    ^^^^^^^^^^^^^^^
  File "C:\Users\User\Desktop\BirQadamFull-main\BirQadamDjango\venv\Lib\site-packages\rest_framework\serializers.py", line 573, in data
    ret = super().data
          ^^^^^^^^^^^^
  File "C:\Users\User\Desktop\BirQadamFull-main\BirQadamDjango\venv\Lib\site-packages\rest_framework\serializers.py", line 251, in data
    self._data = self.to_representation(self.instance)
                 ^^^^^^^^^^^^^^^^^^^^^^^^^^^^^^^^^^^^^
  File "C:\Users\User\Desktop\BirQadamFull-main\BirQadamDjango\venv\Lib\site-packages\rest_framework\serializers.py", line 525, in to_representation
    for field in fields:
  File "C:\Users\User\Desktop\BirQadamFull-main\BirQadamDjango\venv\Lib\site-packages\rest_framework\serializers.py", line 386, in _readable_fields
    for field in self.fields.values():
                 ^^^^^^^^^^^
  File "C:\Users\User\Desktop\BirQadamFull-main\BirQadamDjango\venv\Lib\site-packages\django\utils\functional.py", line 47, in __get__
    res = instance.__dict__[self.name] = self.func(instance)
                                         ^^^^^^^^^^^^^^^^^^^
  File "C:\Users\User\Desktop\BirQadamFull-main\BirQadamDjango\venv\Lib\site-packages\rest_framework\serializers.py", line 375, in fields
    fields[key] = value
    ~~~~~~^^^^^
  File "C:\Users\User\Desktop\BirQadamFull-main\BirQadamDjango\venv\Lib\site-packages\rest_framework\utils\serializer_helpers.py", line 167, in __setitem__
    field.bind(field_name=key, parent=self.serializer)
  File "C:\Users\User\Desktop\BirQadamFull-main\BirQadamDjango\venv\Lib\site-packages\rest_framework\fields.py", line 358, in bind
    assert self.source != field_name, (
AssertionError: It is redundant to specify `source='created_at'` on field 'DateTimeField' in serializer 'VolunteerTaskSummarySerializer', because it is the same as the field name. Remove the `source` keyword argument.
ERROR 2026-03-25 21:03:02,345 basehttp 21492 28408 "GET /api/web/volunteer/tasks/32493/ HTTP/1.1" 500 18324
ERROR 2026-03-26 01:36:39,004 log 15772 17444 Internal Server Error: /api/web/volunteer/profile/
Traceback (most recent call last):
  File "C:\Users\User\Desktop\BirQadamFull-main\BirQadamDjango\venv\Lib\site-packages\django\core\handlers\exception.py", line 55, in inner
    response = get_response(request)
               ^^^^^^^^^^^^^^^^^^^^^
  File "C:\Users\User\Desktop\BirQadamFull-main\BirQadamDjango\venv\Lib\site-packages\django\core\handlers\base.py", line 197, in _get_response
    response = wrapped_callback(request, *callback_args, **callback_kwargs)
               ^^^^^^^^^^^^^^^^^^^^^^^^^^^^^^^^^^^^^^^^^^^^^^^^^^^^^^^^^^^^
  File "C:\Users\User\Desktop\BirQadamFull-main\BirQadamDjango\venv\Lib\site-packages\django\views\decorators\csrf.py", line 65, in _view_wrapper
    return view_func(request, *args, **kwargs)
           ^^^^^^^^^^^^^^^^^^^^^^^^^^^^^^^^^^^
  File "C:\Users\User\Desktop\BirQadamFull-main\BirQadamDjango\venv\Lib\site-packages\django\views\generic\base.py", line 104, in view
    return self.dispatch(request, *args, **kwargs)
           ^^^^^^^^^^^^^^^^^^^^^^^^^^^^^^^^^^^^^^^
  File "C:\Users\User\Desktop\BirQadamFull-main\BirQadamDjango\venv\Lib\site-packages\django\utils\decorators.py", line 48, in _wrapper
    return bound_method(*args, **kwargs)
           ^^^^^^^^^^^^^^^^^^^^^^^^^^^^^
  File "C:\Users\User\Desktop\BirQadamFull-main\BirQadamDjango\venv\Lib\site-packages\django\views\decorators\csrf.py", line 65, in _view_wrapper
    return view_func(request, *args, **kwargs)
           ^^^^^^^^^^^^^^^^^^^^^^^^^^^^^^^^^^^
  File "C:\Users\User\Desktop\BirQadamFull-main\BirQadamDjango\venv\Lib\site-packages\rest_framework\views.py", line 515, in dispatch
    response = self.handle_exception(exc)
               ^^^^^^^^^^^^^^^^^^^^^^^^^^
  File "C:\Users\User\Desktop\BirQadamFull-main\BirQadamDjango\venv\Lib\site-packages\rest_framework\views.py", line 475, in handle_exception
    self.raise_uncaught_exception(exc)
  File "C:\Users\User\Desktop\BirQadamFull-main\BirQadamDjango\venv\Lib\site-packages\rest_framework\views.py", line 486, in raise_uncaught_exception
    raise exc
  File "C:\Users\User\Desktop\BirQadamFull-main\BirQadamDjango\venv\Lib\site-packages\rest_framework\views.py", line 512, in dispatch
    response = handler(request, *args, **kwargs)
               ^^^^^^^^^^^^^^^^^^^^^^^^^^^^^^^^^
  File "C:\Users\User\Desktop\BirQadamFull-main\BirQadamDjango\api\api\web_portal.py", line 662, in get
    data = serializer.data
           ^^^^^^^^^^^^^^^
  File "C:\Users\User\Desktop\BirQadamFull-main\BirQadamDjango\venv\Lib\site-packages\rest_framework\serializers.py", line 573, in data
    ret = super().data
          ^^^^^^^^^^^^
  File "C:\Users\User\Desktop\BirQadamFull-main\BirQadamDjango\venv\Lib\site-packages\rest_framework\serializers.py", line 251, in data
    self._data = self.to_representation(self.instance)
                 ^^^^^^^^^^^^^^^^^^^^^^^^^^^^^^^^^^^^^
  File "C:\Users\User\Desktop\BirQadamFull-main\BirQadamDjango\venv\Lib\site-packages\rest_framework\serializers.py", line 525, in to_representation
    for field in fields:
  File "C:\Users\User\Desktop\BirQadamFull-main\BirQadamDjango\venv\Lib\site-packages\rest_framework\serializers.py", line 386, in _readable_fields
    for field in self.fields.values():
                 ^^^^^^^^^^^
  File "C:\Users\User\Desktop\BirQadamFull-main\BirQadamDjango\venv\Lib\site-packages\django\utils\functional.py", line 47, in __get__
    res = instance.__dict__[self.name] = self.func(instance)
                                         ^^^^^^^^^^^^^^^^^^^
  File "C:\Users\User\Desktop\BirQadamFull-main\BirQadamDjango\venv\Lib\site-packages\rest_framework\serializers.py", line 374, in fields
    for key, value in self.get_fields().items():
                      ^^^^^^^^^^^^^^^^^
  File "C:\Users\User\Desktop\BirQadamFull-main\BirQadamDjango\venv\Lib\site-packages\rest_framework\serializers.py", line 1105, in get_fields
    field_class, field_kwargs = self.build_field(
                                ^^^^^^^^^^^^^^^^^
  File "C:\Users\User\Desktop\BirQadamFull-main\BirQadamDjango\venv\Lib\site-packages\rest_framework\serializers.py", line 1251, in build_field
    return self.build_unknown_field(field_name, model_class)
           ^^^^^^^^^^^^^^^^^^^^^^^^^^^^^^^^^^^^^^^^^^^^^^^^^
  File "C:\Users\User\Desktop\BirQadamFull-main\BirQadamDjango\venv\Lib\site-packages\rest_framework\serializers.py", line 1369, in build_unknown_field
    raise ImproperlyConfigured(
django.core.exceptions.ImproperlyConfigured: Field name `active_projects` is not valid for model `User` in `api.serializers.web_portal.VolunteerProfileSerializer`.
ERROR 2026-03-26 01:36:39,009 basehttp 15772 17444 "GET /api/web/volunteer/profile/ HTTP/1.1" 500 20403
ERROR 2026-03-26 01:36:43,470 log 15772 17444 Internal Server Error: /api/web/volunteer/profile/
Traceback (most recent call last):
  File "C:\Users\User\Desktop\BirQadamFull-main\BirQadamDjango\venv\Lib\site-packages\django\core\handlers\exception.py", line 55, in inner
    response = get_response(request)
               ^^^^^^^^^^^^^^^^^^^^^
  File "C:\Users\User\Desktop\BirQadamFull-main\BirQadamDjango\venv\Lib\site-packages\django\core\handlers\base.py", line 197, in _get_response
    response = wrapped_callback(request, *callback_args, **callback_kwargs)
               ^^^^^^^^^^^^^^^^^^^^^^^^^^^^^^^^^^^^^^^^^^^^^^^^^^^^^^^^^^^^
  File "C:\Users\User\Desktop\BirQadamFull-main\BirQadamDjango\venv\Lib\site-packages\django\views\decorators\csrf.py", line 65, in _view_wrapper
    return view_func(request, *args, **kwargs)
           ^^^^^^^^^^^^^^^^^^^^^^^^^^^^^^^^^^^
  File "C:\Users\User\Desktop\BirQadamFull-main\BirQadamDjango\venv\Lib\site-packages\django\views\generic\base.py", line 104, in view
    return self.dispatch(request, *args, **kwargs)
           ^^^^^^^^^^^^^^^^^^^^^^^^^^^^^^^^^^^^^^^
  File "C:\Users\User\Desktop\BirQadamFull-main\BirQadamDjango\venv\Lib\site-packages\django\utils\decorators.py", line 48, in _wrapper
    return bound_method(*args, **kwargs)
           ^^^^^^^^^^^^^^^^^^^^^^^^^^^^^
  File "C:\Users\User\Desktop\BirQadamFull-main\BirQadamDjango\venv\Lib\site-packages\django\views\decorators\csrf.py", line 65, in _view_wrapper
    return view_func(request, *args, **kwargs)
           ^^^^^^^^^^^^^^^^^^^^^^^^^^^^^^^^^^^
  File "C:\Users\User\Desktop\BirQadamFull-main\BirQadamDjango\venv\Lib\site-packages\rest_framework\views.py", line 515, in dispatch
    response = self.handle_exception(exc)
               ^^^^^^^^^^^^^^^^^^^^^^^^^^
  File "C:\Users\User\Desktop\BirQadamFull-main\BirQadamDjango\venv\Lib\site-packages\rest_framework\views.py", line 475, in handle_exception
    self.raise_uncaught_exception(exc)
  File "C:\Users\User\Desktop\BirQadamFull-main\BirQadamDjango\venv\Lib\site-packages\rest_framework\views.py", line 486, in raise_uncaught_exception
    raise exc
  File "C:\Users\User\Desktop\BirQadamFull-main\BirQadamDjango\venv\Lib\site-packages\rest_framework\views.py", line 512, in dispatch
    response = handler(request, *args, **kwargs)
               ^^^^^^^^^^^^^^^^^^^^^^^^^^^^^^^^^
  File "C:\Users\User\Desktop\BirQadamFull-main\BirQadamDjango\api\api\web_portal.py", line 662, in get
    data = serializer.data
           ^^^^^^^^^^^^^^^
  File "C:\Users\User\Desktop\BirQadamFull-main\BirQadamDjango\venv\Lib\site-packages\rest_framework\serializers.py", line 573, in data
    ret = super().data
          ^^^^^^^^^^^^
  File "C:\Users\User\Desktop\BirQadamFull-main\BirQadamDjango\venv\Lib\site-packages\rest_framework\serializers.py", line 251, in data
    self._data = self.to_representation(self.instance)
                 ^^^^^^^^^^^^^^^^^^^^^^^^^^^^^^^^^^^^^
  File "C:\Users\User\Desktop\BirQadamFull-main\BirQadamDjango\venv\Lib\site-packages\rest_framework\serializers.py", line 525, in to_representation
    for field in fields:
  File "C:\Users\User\Desktop\BirQadamFull-main\BirQadamDjango\venv\Lib\site-packages\rest_framework\serializers.py", line 386, in _readable_fields
    for field in self.fields.values():
                 ^^^^^^^^^^^
  File "C:\Users\User\Desktop\BirQadamFull-main\BirQadamDjango\venv\Lib\site-packages\django\utils\functional.py", line 47, in __get__
    res = instance.__dict__[self.name] = self.func(instance)
                                         ^^^^^^^^^^^^^^^^^^^
  File "C:\Users\User\Desktop\BirQadamFull-main\BirQadamDjango\venv\Lib\site-packages\rest_framework\serializers.py", line 374, in fields
    for key, value in self.get_fields().items():
                      ^^^^^^^^^^^^^^^^^
  File "C:\Users\User\Desktop\BirQadamFull-main\BirQadamDjango\venv\Lib\site-packages\rest_framework\serializers.py", line 1105, in get_fields
    field_class, field_kwargs = self.build_field(
                                ^^^^^^^^^^^^^^^^^
  File "C:\Users\User\Desktop\BirQadamFull-main\BirQadamDjango\venv\Lib\site-packages\rest_framework\serializers.py", line 1251, in build_field
    return self.build_unknown_field(field_name, model_class)
           ^^^^^^^^^^^^^^^^^^^^^^^^^^^^^^^^^^^^^^^^^^^^^^^^^
  File "C:\Users\User\Desktop\BirQadamFull-main\BirQadamDjango\venv\Lib\site-packages\rest_framework\serializers.py", line 1369, in build_unknown_field
    raise ImproperlyConfigured(
django.core.exceptions.ImproperlyConfigured: Field name `active_projects` is not valid for model `User` in `api.serializers.web_portal.VolunteerProfileSerializer`.
ERROR 2026-03-26 01:36:43,473 basehttp 15772 17444 "GET /api/web/volunteer/profile/ HTTP/1.1" 500 20383
ERROR 2026-03-26 01:36:52,029 log 15772 17444 Internal Server Error: /api/web/volunteer/profile/
Traceback (most recent call last):
  File "C:\Users\User\Desktop\BirQadamFull-main\BirQadamDjango\venv\Lib\site-packages\django\core\handlers\exception.py", line 55, in inner
    response = get_response(request)
               ^^^^^^^^^^^^^^^^^^^^^
  File "C:\Users\User\Desktop\BirQadamFull-main\BirQadamDjango\venv\Lib\site-packages\django\core\handlers\base.py", line 197, in _get_response
    response = wrapped_callback(request, *callback_args, **callback_kwargs)
               ^^^^^^^^^^^^^^^^^^^^^^^^^^^^^^^^^^^^^^^^^^^^^^^^^^^^^^^^^^^^
  File "C:\Users\User\Desktop\BirQadamFull-main\BirQadamDjango\venv\Lib\site-packages\django\views\decorators\csrf.py", line 65, in _view_wrapper
    return view_func(request, *args, **kwargs)
           ^^^^^^^^^^^^^^^^^^^^^^^^^^^^^^^^^^^
  File "C:\Users\User\Desktop\BirQadamFull-main\BirQadamDjango\venv\Lib\site-packages\django\views\generic\base.py", line 104, in view
    return self.dispatch(request, *args, **kwargs)
           ^^^^^^^^^^^^^^^^^^^^^^^^^^^^^^^^^^^^^^^
  File "C:\Users\User\Desktop\BirQadamFull-main\BirQadamDjango\venv\Lib\site-packages\django\utils\decorators.py", line 48, in _wrapper
    return bound_method(*args, **kwargs)
           ^^^^^^^^^^^^^^^^^^^^^^^^^^^^^
  File "C:\Users\User\Desktop\BirQadamFull-main\BirQadamDjango\venv\Lib\site-packages\django\views\decorators\csrf.py", line 65, in _view_wrapper
    return view_func(request, *args, **kwargs)
           ^^^^^^^^^^^^^^^^^^^^^^^^^^^^^^^^^^^
  File "C:\Users\User\Desktop\BirQadamFull-main\BirQadamDjango\venv\Lib\site-packages\rest_framework\views.py", line 515, in dispatch
    response = self.handle_exception(exc)
               ^^^^^^^^^^^^^^^^^^^^^^^^^^
  File "C:\Users\User\Desktop\BirQadamFull-main\BirQadamDjango\venv\Lib\site-packages\rest_framework\views.py", line 475, in handle_exception
    self.raise_uncaught_exception(exc)
  File "C:\Users\User\Desktop\BirQadamFull-main\BirQadamDjango\venv\Lib\site-packages\rest_framework\views.py", line 486, in raise_uncaught_exception
    raise exc
  File "C:\Users\User\Desktop\BirQadamFull-main\BirQadamDjango\venv\Lib\site-packages\rest_framework\views.py", line 512, in dispatch
    response = handler(request, *args, **kwargs)
               ^^^^^^^^^^^^^^^^^^^^^^^^^^^^^^^^^
  File "C:\Users\User\Desktop\BirQadamFull-main\BirQadamDjango\api\api\web_portal.py", line 662, in get
    data = serializer.data
           ^^^^^^^^^^^^^^^
  File "C:\Users\User\Desktop\BirQadamFull-main\BirQadamDjango\venv\Lib\site-packages\rest_framework\serializers.py", line 573, in data
    ret = super().data
          ^^^^^^^^^^^^
  File "C:\Users\User\Desktop\BirQadamFull-main\BirQadamDjango\venv\Lib\site-packages\rest_framework\serializers.py", line 251, in data
    self._data = self.to_representation(self.instance)
                 ^^^^^^^^^^^^^^^^^^^^^^^^^^^^^^^^^^^^^
  File "C:\Users\User\Desktop\BirQadamFull-main\BirQadamDjango\venv\Lib\site-packages\rest_framework\serializers.py", line 525, in to_representation
    for field in fields:
  File "C:\Users\User\Desktop\BirQadamFull-main\BirQadamDjango\venv\Lib\site-packages\rest_framework\serializers.py", line 386, in _readable_fields
    for field in self.fields.values():
                 ^^^^^^^^^^^
  File "C:\Users\User\Desktop\BirQadamFull-main\BirQadamDjango\venv\Lib\site-packages\django\utils\functional.py", line 47, in __get__
    res = instance.__dict__[self.name] = self.func(instance)
                                         ^^^^^^^^^^^^^^^^^^^
  File "C:\Users\User\Desktop\BirQadamFull-main\BirQadamDjango\venv\Lib\site-packages\rest_framework\serializers.py", line 374, in fields
    for key, value in self.get_fields().items():
                      ^^^^^^^^^^^^^^^^^
  File "C:\Users\User\Desktop\BirQadamFull-main\BirQadamDjango\venv\Lib\site-packages\rest_framework\serializers.py", line 1105, in get_fields
    field_class, field_kwargs = self.build_field(
                                ^^^^^^^^^^^^^^^^^
  File "C:\Users\User\Desktop\BirQadamFull-main\BirQadamDjango\venv\Lib\site-packages\rest_framework\serializers.py", line 1251, in build_field
    return self.build_unknown_field(field_name, model_class)
           ^^^^^^^^^^^^^^^^^^^^^^^^^^^^^^^^^^^^^^^^^^^^^^^^^
  File "C:\Users\User\Desktop\BirQadamFull-main\BirQadamDjango\venv\Lib\site-packages\rest_framework\serializers.py", line 1369, in build_unknown_field
    raise ImproperlyConfigured(
django.core.exceptions.ImproperlyConfigured: Field name `active_projects` is not valid for model `User` in `api.serializers.web_portal.VolunteerProfileSerializer`.
ERROR 2026-03-26 01:36:52,033 basehttp 15772 17444 "GET /api/web/volunteer/profile/ HTTP/1.1" 500 20445
ERROR 2026-03-26 01:37:03,017 log 15772 17444 Internal Server Error: /api/web/volunteer/profile/
Traceback (most recent call last):
  File "C:\Users\User\Desktop\BirQadamFull-main\BirQadamDjango\venv\Lib\site-packages\django\core\handlers\exception.py", line 55, in inner
    response = get_response(request)
               ^^^^^^^^^^^^^^^^^^^^^
  File "C:\Users\User\Desktop\BirQadamFull-main\BirQadamDjango\venv\Lib\site-packages\django\core\handlers\base.py", line 197, in _get_response
    response = wrapped_callback(request, *callback_args, **callback_kwargs)
               ^^^^^^^^^^^^^^^^^^^^^^^^^^^^^^^^^^^^^^^^^^^^^^^^^^^^^^^^^^^^
  File "C:\Users\User\Desktop\BirQadamFull-main\BirQadamDjango\venv\Lib\site-packages\django\views\decorators\csrf.py", line 65, in _view_wrapper
    return view_func(request, *args, **kwargs)
           ^^^^^^^^^^^^^^^^^^^^^^^^^^^^^^^^^^^
  File "C:\Users\User\Desktop\BirQadamFull-main\BirQadamDjango\venv\Lib\site-packages\django\views\generic\base.py", line 104, in view
    return self.dispatch(request, *args, **kwargs)
           ^^^^^^^^^^^^^^^^^^^^^^^^^^^^^^^^^^^^^^^
  File "C:\Users\User\Desktop\BirQadamFull-main\BirQadamDjango\venv\Lib\site-packages\django\utils\decorators.py", line 48, in _wrapper
    return bound_method(*args, **kwargs)
           ^^^^^^^^^^^^^^^^^^^^^^^^^^^^^
  File "C:\Users\User\Desktop\BirQadamFull-main\BirQadamDjango\venv\Lib\site-packages\django\views\decorators\csrf.py", line 65, in _view_wrapper
    return view_func(request, *args, **kwargs)
           ^^^^^^^^^^^^^^^^^^^^^^^^^^^^^^^^^^^
  File "C:\Users\User\Desktop\BirQadamFull-main\BirQadamDjango\venv\Lib\site-packages\rest_framework\views.py", line 515, in dispatch
    response = self.handle_exception(exc)
               ^^^^^^^^^^^^^^^^^^^^^^^^^^
  File "C:\Users\User\Desktop\BirQadamFull-main\BirQadamDjango\venv\Lib\site-packages\rest_framework\views.py", line 475, in handle_exception
    self.raise_uncaught_exception(exc)
  File "C:\Users\User\Desktop\BirQadamFull-main\BirQadamDjango\venv\Lib\site-packages\rest_framework\views.py", line 486, in raise_uncaught_exception
    raise exc
  File "C:\Users\User\Desktop\BirQadamFull-main\BirQadamDjango\venv\Lib\site-packages\rest_framework\views.py", line 512, in dispatch
    response = handler(request, *args, **kwargs)
               ^^^^^^^^^^^^^^^^^^^^^^^^^^^^^^^^^
  File "C:\Users\User\Desktop\BirQadamFull-main\BirQadamDjango\api\api\web_portal.py", line 662, in get
    data = serializer.data
           ^^^^^^^^^^^^^^^
  File "C:\Users\User\Desktop\BirQadamFull-main\BirQadamDjango\venv\Lib\site-packages\rest_framework\serializers.py", line 573, in data
    ret = super().data
          ^^^^^^^^^^^^
  File "C:\Users\User\Desktop\BirQadamFull-main\BirQadamDjango\venv\Lib\site-packages\rest_framework\serializers.py", line 251, in data
    self._data = self.to_representation(self.instance)
                 ^^^^^^^^^^^^^^^^^^^^^^^^^^^^^^^^^^^^^
  File "C:\Users\User\Desktop\BirQadamFull-main\BirQadamDjango\venv\Lib\site-packages\rest_framework\serializers.py", line 525, in to_representation
    for field in fields:
  File "C:\Users\User\Desktop\BirQadamFull-main\BirQadamDjango\venv\Lib\site-packages\rest_framework\serializers.py", line 386, in _readable_fields
    for field in self.fields.values():
                 ^^^^^^^^^^^
  File "C:\Users\User\Desktop\BirQadamFull-main\BirQadamDjango\venv\Lib\site-packages\django\utils\functional.py", line 47, in __get__
    res = instance.__dict__[self.name] = self.func(instance)
                                         ^^^^^^^^^^^^^^^^^^^
  File "C:\Users\User\Desktop\BirQadamFull-main\BirQadamDjango\venv\Lib\site-packages\rest_framework\serializers.py", line 374, in fields
    for key, value in self.get_fields().items():
                      ^^^^^^^^^^^^^^^^^
  File "C:\Users\User\Desktop\BirQadamFull-main\BirQadamDjango\venv\Lib\site-packages\rest_framework\serializers.py", line 1105, in get_fields
    field_class, field_kwargs = self.build_field(
                                ^^^^^^^^^^^^^^^^^
  File "C:\Users\User\Desktop\BirQadamFull-main\BirQadamDjango\venv\Lib\site-packages\rest_framework\serializers.py", line 1251, in build_field
    return self.build_unknown_field(field_name, model_class)
           ^^^^^^^^^^^^^^^^^^^^^^^^^^^^^^^^^^^^^^^^^^^^^^^^^
  File "C:\Users\User\Desktop\BirQadamFull-main\BirQadamDjango\venv\Lib\site-packages\rest_framework\serializers.py", line 1369, in build_unknown_field
    raise ImproperlyConfigured(
django.core.exceptions.ImproperlyConfigured: Field name `active_projects` is not valid for model `User` in `api.serializers.web_portal.VolunteerProfileSerializer`.
ERROR 2026-03-26 01:37:03,020 basehttp 15772 17444 "GET /api/web/volunteer/profile/ HTTP/1.1" 500 20460
ERROR 2026-03-26 01:37:08,219 log 15772 17444 Internal Server Error: /api/web/volunteer/profile/
Traceback (most recent call last):
  File "C:\Users\User\Desktop\BirQadamFull-main\BirQadamDjango\venv\Lib\site-packages\django\core\handlers\exception.py", line 55, in inner
    response = get_response(request)
               ^^^^^^^^^^^^^^^^^^^^^
  File "C:\Users\User\Desktop\BirQadamFull-main\BirQadamDjango\venv\Lib\site-packages\django\core\handlers\base.py", line 197, in _get_response
    response = wrapped_callback(request, *callback_args, **callback_kwargs)
               ^^^^^^^^^^^^^^^^^^^^^^^^^^^^^^^^^^^^^^^^^^^^^^^^^^^^^^^^^^^^
  File "C:\Users\User\Desktop\BirQadamFull-main\BirQadamDjango\venv\Lib\site-packages\django\views\decorators\csrf.py", line 65, in _view_wrapper
    return view_func(request, *args, **kwargs)
           ^^^^^^^^^^^^^^^^^^^^^^^^^^^^^^^^^^^
  File "C:\Users\User\Desktop\BirQadamFull-main\BirQadamDjango\venv\Lib\site-packages\django\views\generic\base.py", line 104, in view
    return self.dispatch(request, *args, **kwargs)
           ^^^^^^^^^^^^^^^^^^^^^^^^^^^^^^^^^^^^^^^
  File "C:\Users\User\Desktop\BirQadamFull-main\BirQadamDjango\venv\Lib\site-packages\django\utils\decorators.py", line 48, in _wrapper
    return bound_method(*args, **kwargs)
           ^^^^^^^^^^^^^^^^^^^^^^^^^^^^^
  File "C:\Users\User\Desktop\BirQadamFull-main\BirQadamDjango\venv\Lib\site-packages\django\views\decorators\csrf.py", line 65, in _view_wrapper
    return view_func(request, *args, **kwargs)
           ^^^^^^^^^^^^^^^^^^^^^^^^^^^^^^^^^^^
  File "C:\Users\User\Desktop\BirQadamFull-main\BirQadamDjango\venv\Lib\site-packages\rest_framework\views.py", line 515, in dispatch
    response = self.handle_exception(exc)
               ^^^^^^^^^^^^^^^^^^^^^^^^^^
  File "C:\Users\User\Desktop\BirQadamFull-main\BirQadamDjango\venv\Lib\site-packages\rest_framework\views.py", line 475, in handle_exception
    self.raise_uncaught_exception(exc)
  File "C:\Users\User\Desktop\BirQadamFull-main\BirQadamDjango\venv\Lib\site-packages\rest_framework\views.py", line 486, in raise_uncaught_exception
    raise exc
  File "C:\Users\User\Desktop\BirQadamFull-main\BirQadamDjango\venv\Lib\site-packages\rest_framework\views.py", line 512, in dispatch
    response = handler(request, *args, **kwargs)
               ^^^^^^^^^^^^^^^^^^^^^^^^^^^^^^^^^
  File "C:\Users\User\Desktop\BirQadamFull-main\BirQadamDjango\api\api\web_portal.py", line 662, in get
    data = serializer.data
           ^^^^^^^^^^^^^^^
  File "C:\Users\User\Desktop\BirQadamFull-main\BirQadamDjango\venv\Lib\site-packages\rest_framework\serializers.py", line 573, in data
    ret = super().data
          ^^^^^^^^^^^^
  File "C:\Users\User\Desktop\BirQadamFull-main\BirQadamDjango\venv\Lib\site-packages\rest_framework\serializers.py", line 251, in data
    self._data = self.to_representation(self.instance)
                 ^^^^^^^^^^^^^^^^^^^^^^^^^^^^^^^^^^^^^
  File "C:\Users\User\Desktop\BirQadamFull-main\BirQadamDjango\venv\Lib\site-packages\rest_framework\serializers.py", line 525, in to_representation
    for field in fields:
  File "C:\Users\User\Desktop\BirQadamFull-main\BirQadamDjango\venv\Lib\site-packages\rest_framework\serializers.py", line 386, in _readable_fields
    for field in self.fields.values():
                 ^^^^^^^^^^^
  File "C:\Users\User\Desktop\BirQadamFull-main\BirQadamDjango\venv\Lib\site-packages\django\utils\functional.py", line 47, in __get__
    res = instance.__dict__[self.name] = self.func(instance)
                                         ^^^^^^^^^^^^^^^^^^^
  File "C:\Users\User\Desktop\BirQadamFull-main\BirQadamDjango\venv\Lib\site-packages\rest_framework\serializers.py", line 374, in fields
    for key, value in self.get_fields().items():
                      ^^^^^^^^^^^^^^^^^
  File "C:\Users\User\Desktop\BirQadamFull-main\BirQadamDjango\venv\Lib\site-packages\rest_framework\serializers.py", line 1105, in get_fields
    field_class, field_kwargs = self.build_field(
                                ^^^^^^^^^^^^^^^^^
  File "C:\Users\User\Desktop\BirQadamFull-main\BirQadamDjango\venv\Lib\site-packages\rest_framework\serializers.py", line 1251, in build_field
    return self.build_unknown_field(field_name, model_class)
           ^^^^^^^^^^^^^^^^^^^^^^^^^^^^^^^^^^^^^^^^^^^^^^^^^
  File "C:\Users\User\Desktop\BirQadamFull-main\BirQadamDjango\venv\Lib\site-packages\rest_framework\serializers.py", line 1369, in build_unknown_field
    raise ImproperlyConfigured(
django.core.exceptions.ImproperlyConfigured: Field name `active_projects` is not valid for model `User` in `api.serializers.web_portal.VolunteerProfileSerializer`.
ERROR 2026-03-26 01:37:08,222 basehttp 15772 17444 "GET /api/web/volunteer/profile/ HTTP/1.1" 500 20415
ERROR 2026-03-26 01:37:10,608 log 15772 17444 Internal Server Error: /api/web/volunteer/profile/
Traceback (most recent call last):
  File "C:\Users\User\Desktop\BirQadamFull-main\BirQadamDjango\venv\Lib\site-packages\django\core\handlers\exception.py", line 55, in inner
    response = get_response(request)
               ^^^^^^^^^^^^^^^^^^^^^
  File "C:\Users\User\Desktop\BirQadamFull-main\BirQadamDjango\venv\Lib\site-packages\django\core\handlers\base.py", line 197, in _get_response
    response = wrapped_callback(request, *callback_args, **callback_kwargs)
               ^^^^^^^^^^^^^^^^^^^^^^^^^^^^^^^^^^^^^^^^^^^^^^^^^^^^^^^^^^^^
  File "C:\Users\User\Desktop\BirQadamFull-main\BirQadamDjango\venv\Lib\site-packages\django\views\decorators\csrf.py", line 65, in _view_wrapper
    return view_func(request, *args, **kwargs)
           ^^^^^^^^^^^^^^^^^^^^^^^^^^^^^^^^^^^
  File "C:\Users\User\Desktop\BirQadamFull-main\BirQadamDjango\venv\Lib\site-packages\django\views\generic\base.py", line 104, in view
    return self.dispatch(request, *args, **kwargs)
           ^^^^^^^^^^^^^^^^^^^^^^^^^^^^^^^^^^^^^^^
  File "C:\Users\User\Desktop\BirQadamFull-main\BirQadamDjango\venv\Lib\site-packages\django\utils\decorators.py", line 48, in _wrapper
    return bound_method(*args, **kwargs)
           ^^^^^^^^^^^^^^^^^^^^^^^^^^^^^
  File "C:\Users\User\Desktop\BirQadamFull-main\BirQadamDjango\venv\Lib\site-packages\django\views\decorators\csrf.py", line 65, in _view_wrapper
    return view_func(request, *args, **kwargs)
           ^^^^^^^^^^^^^^^^^^^^^^^^^^^^^^^^^^^
  File "C:\Users\User\Desktop\BirQadamFull-main\BirQadamDjango\venv\Lib\site-packages\rest_framework\views.py", line 515, in dispatch
    response = self.handle_exception(exc)
               ^^^^^^^^^^^^^^^^^^^^^^^^^^
  File "C:\Users\User\Desktop\BirQadamFull-main\BirQadamDjango\venv\Lib\site-packages\rest_framework\views.py", line 475, in handle_exception
    self.raise_uncaught_exception(exc)
  File "C:\Users\User\Desktop\BirQadamFull-main\BirQadamDjango\venv\Lib\site-packages\rest_framework\views.py", line 486, in raise_uncaught_exception
    raise exc
  File "C:\Users\User\Desktop\BirQadamFull-main\BirQadamDjango\venv\Lib\site-packages\rest_framework\views.py", line 512, in dispatch
    response = handler(request, *args, **kwargs)
               ^^^^^^^^^^^^^^^^^^^^^^^^^^^^^^^^^
  File "C:\Users\User\Desktop\BirQadamFull-main\BirQadamDjango\api\api\web_portal.py", line 662, in get
    data = serializer.data
           ^^^^^^^^^^^^^^^
  File "C:\Users\User\Desktop\BirQadamFull-main\BirQadamDjango\venv\Lib\site-packages\rest_framework\serializers.py", line 573, in data
    ret = super().data
          ^^^^^^^^^^^^
  File "C:\Users\User\Desktop\BirQadamFull-main\BirQadamDjango\venv\Lib\site-packages\rest_framework\serializers.py", line 251, in data
    self._data = self.to_representation(self.instance)
                 ^^^^^^^^^^^^^^^^^^^^^^^^^^^^^^^^^^^^^
  File "C:\Users\User\Desktop\BirQadamFull-main\BirQadamDjango\venv\Lib\site-packages\rest_framework\serializers.py", line 525, in to_representation
    for field in fields:
  File "C:\Users\User\Desktop\BirQadamFull-main\BirQadamDjango\venv\Lib\site-packages\rest_framework\serializers.py", line 386, in _readable_fields
    for field in self.fields.values():
                 ^^^^^^^^^^^
  File "C:\Users\User\Desktop\BirQadamFull-main\BirQadamDjango\venv\Lib\site-packages\django\utils\functional.py", line 47, in __get__
    res = instance.__dict__[self.name] = self.func(instance)
                                         ^^^^^^^^^^^^^^^^^^^
  File "C:\Users\User\Desktop\BirQadamFull-main\BirQadamDjango\venv\Lib\site-packages\rest_framework\serializers.py", line 374, in fields
    for key, value in self.get_fields().items():
                      ^^^^^^^^^^^^^^^^^
  File "C:\Users\User\Desktop\BirQadamFull-main\BirQadamDjango\venv\Lib\site-packages\rest_framework\serializers.py", line 1105, in get_fields
    field_class, field_kwargs = self.build_field(
                                ^^^^^^^^^^^^^^^^^
  File "C:\Users\User\Desktop\BirQadamFull-main\BirQadamDjango\venv\Lib\site-packages\rest_framework\serializers.py", line 1251, in build_field
    return self.build_unknown_field(field_name, model_class)
           ^^^^^^^^^^^^^^^^^^^^^^^^^^^^^^^^^^^^^^^^^^^^^^^^^
  File "C:\Users\User\Desktop\BirQadamFull-main\BirQadamDjango\venv\Lib\site-packages\rest_framework\serializers.py", line 1369, in build_unknown_field
    raise ImproperlyConfigured(
django.core.exceptions.ImproperlyConfigured: Field name `active_projects` is not valid for model `User` in `api.serializers.web_portal.VolunteerProfileSerializer`.
ERROR 2026-03-26 01:37:10,611 basehttp 15772 17444 "GET /api/web/volunteer/profile/ HTTP/1.1" 500 20457
ERROR 2026-03-26 01:37:13,992 log 15772 17444 Internal Server Error: /api/web/volunteer/profile/
Traceback (most recent call last):
  File "C:\Users\User\Desktop\BirQadamFull-main\BirQadamDjango\venv\Lib\site-packages\django\core\handlers\exception.py", line 55, in inner
    response = get_response(request)
               ^^^^^^^^^^^^^^^^^^^^^
  File "C:\Users\User\Desktop\BirQadamFull-main\BirQadamDjango\venv\Lib\site-packages\django\core\handlers\base.py", line 197, in _get_response
    response = wrapped_callback(request, *callback_args, **callback_kwargs)
               ^^^^^^^^^^^^^^^^^^^^^^^^^^^^^^^^^^^^^^^^^^^^^^^^^^^^^^^^^^^^
  File "C:\Users\User\Desktop\BirQadamFull-main\BirQadamDjango\venv\Lib\site-packages\django\views\decorators\csrf.py", line 65, in _view_wrapper
    return view_func(request, *args, **kwargs)
           ^^^^^^^^^^^^^^^^^^^^^^^^^^^^^^^^^^^
  File "C:\Users\User\Desktop\BirQadamFull-main\BirQadamDjango\venv\Lib\site-packages\django\views\generic\base.py", line 104, in view
    return self.dispatch(request, *args, **kwargs)
           ^^^^^^^^^^^^^^^^^^^^^^^^^^^^^^^^^^^^^^^
  File "C:\Users\User\Desktop\BirQadamFull-main\BirQadamDjango\venv\Lib\site-packages\django\utils\decorators.py", line 48, in _wrapper
    return bound_method(*args, **kwargs)
           ^^^^^^^^^^^^^^^^^^^^^^^^^^^^^
  File "C:\Users\User\Desktop\BirQadamFull-main\BirQadamDjango\venv\Lib\site-packages\django\views\decorators\csrf.py", line 65, in _view_wrapper
    return view_func(request, *args, **kwargs)
           ^^^^^^^^^^^^^^^^^^^^^^^^^^^^^^^^^^^
  File "C:\Users\User\Desktop\BirQadamFull-main\BirQadamDjango\venv\Lib\site-packages\rest_framework\views.py", line 515, in dispatch
    response = self.handle_exception(exc)
               ^^^^^^^^^^^^^^^^^^^^^^^^^^
  File "C:\Users\User\Desktop\BirQadamFull-main\BirQadamDjango\venv\Lib\site-packages\rest_framework\views.py", line 475, in handle_exception
    self.raise_uncaught_exception(exc)
  File "C:\Users\User\Desktop\BirQadamFull-main\BirQadamDjango\venv\Lib\site-packages\rest_framework\views.py", line 486, in raise_uncaught_exception
    raise exc
  File "C:\Users\User\Desktop\BirQadamFull-main\BirQadamDjango\venv\Lib\site-packages\rest_framework\views.py", line 512, in dispatch
    response = handler(request, *args, **kwargs)
               ^^^^^^^^^^^^^^^^^^^^^^^^^^^^^^^^^
  File "C:\Users\User\Desktop\BirQadamFull-main\BirQadamDjango\api\api\web_portal.py", line 662, in get
    data = serializer.data
           ^^^^^^^^^^^^^^^
  File "C:\Users\User\Desktop\BirQadamFull-main\BirQadamDjango\venv\Lib\site-packages\rest_framework\serializers.py", line 573, in data
    ret = super().data
          ^^^^^^^^^^^^
  File "C:\Users\User\Desktop\BirQadamFull-main\BirQadamDjango\venv\Lib\site-packages\rest_framework\serializers.py", line 251, in data
    self._data = self.to_representation(self.instance)
                 ^^^^^^^^^^^^^^^^^^^^^^^^^^^^^^^^^^^^^
  File "C:\Users\User\Desktop\BirQadamFull-main\BirQadamDjango\venv\Lib\site-packages\rest_framework\serializers.py", line 525, in to_representation
    for field in fields:
  File "C:\Users\User\Desktop\BirQadamFull-main\BirQadamDjango\venv\Lib\site-packages\rest_framework\serializers.py", line 386, in _readable_fields
    for field in self.fields.values():
                 ^^^^^^^^^^^
  File "C:\Users\User\Desktop\BirQadamFull-main\BirQadamDjango\venv\Lib\site-packages\django\utils\functional.py", line 47, in __get__
    res = instance.__dict__[self.name] = self.func(instance)
                                         ^^^^^^^^^^^^^^^^^^^
  File "C:\Users\User\Desktop\BirQadamFull-main\BirQadamDjango\venv\Lib\site-packages\rest_framework\serializers.py", line 374, in fields
    for key, value in self.get_fields().items():
                      ^^^^^^^^^^^^^^^^^
  File "C:\Users\User\Desktop\BirQadamFull-main\BirQadamDjango\venv\Lib\site-packages\rest_framework\serializers.py", line 1105, in get_fields
    field_class, field_kwargs = self.build_field(
                                ^^^^^^^^^^^^^^^^^
  File "C:\Users\User\Desktop\BirQadamFull-main\BirQadamDjango\venv\Lib\site-packages\rest_framework\serializers.py", line 1251, in build_field
    return self.build_unknown_field(field_name, model_class)
           ^^^^^^^^^^^^^^^^^^^^^^^^^^^^^^^^^^^^^^^^^^^^^^^^^
  File "C:\Users\User\Desktop\BirQadamFull-main\BirQadamDjango\venv\Lib\site-packages\rest_framework\serializers.py", line 1369, in build_unknown_field
    raise ImproperlyConfigured(
django.core.exceptions.ImproperlyConfigured: Field name `active_projects` is not valid for model `User` in `api.serializers.web_portal.VolunteerProfileSerializer`.
ERROR 2026-03-26 01:37:13,994 basehttp 15772 17444 "GET /api/web/volunteer/profile/ HTTP/1.1" 500 20460
ERROR 2026-03-26 01:44:32,412 log 15772 14592 Internal Server Error: /api/web/volunteer/profile/
Traceback (most recent call last):
  File "C:\Users\User\Desktop\BirQadamFull-main\BirQadamDjango\venv\Lib\site-packages\django\core\handlers\exception.py", line 55, in inner
    response = get_response(request)
               ^^^^^^^^^^^^^^^^^^^^^
  File "C:\Users\User\Desktop\BirQadamFull-main\BirQadamDjango\venv\Lib\site-packages\django\core\handlers\base.py", line 197, in _get_response
    response = wrapped_callback(request, *callback_args, **callback_kwargs)
               ^^^^^^^^^^^^^^^^^^^^^^^^^^^^^^^^^^^^^^^^^^^^^^^^^^^^^^^^^^^^
  File "C:\Users\User\Desktop\BirQadamFull-main\BirQadamDjango\venv\Lib\site-packages\django\views\decorators\csrf.py", line 65, in _view_wrapper
    return view_func(request, *args, **kwargs)
           ^^^^^^^^^^^^^^^^^^^^^^^^^^^^^^^^^^^
  File "C:\Users\User\Desktop\BirQadamFull-main\BirQadamDjango\venv\Lib\site-packages\django\views\generic\base.py", line 104, in view
    return self.dispatch(request, *args, **kwargs)
           ^^^^^^^^^^^^^^^^^^^^^^^^^^^^^^^^^^^^^^^
  File "C:\Users\User\Desktop\BirQadamFull-main\BirQadamDjango\venv\Lib\site-packages\django\utils\decorators.py", line 48, in _wrapper
    return bound_method(*args, **kwargs)
           ^^^^^^^^^^^^^^^^^^^^^^^^^^^^^
  File "C:\Users\User\Desktop\BirQadamFull-main\BirQadamDjango\venv\Lib\site-packages\django\views\decorators\csrf.py", line 65, in _view_wrapper
    return view_func(request, *args, **kwargs)
           ^^^^^^^^^^^^^^^^^^^^^^^^^^^^^^^^^^^
  File "C:\Users\User\Desktop\BirQadamFull-main\BirQadamDjango\venv\Lib\site-packages\rest_framework\views.py", line 515, in dispatch
    response = self.handle_exception(exc)
               ^^^^^^^^^^^^^^^^^^^^^^^^^^
  File "C:\Users\User\Desktop\BirQadamFull-main\BirQadamDjango\venv\Lib\site-packages\rest_framework\views.py", line 475, in handle_exception
    self.raise_uncaught_exception(exc)
  File "C:\Users\User\Desktop\BirQadamFull-main\BirQadamDjango\venv\Lib\site-packages\rest_framework\views.py", line 486, in raise_uncaught_exception
    raise exc
  File "C:\Users\User\Desktop\BirQadamFull-main\BirQadamDjango\venv\Lib\site-packages\rest_framework\views.py", line 512, in dispatch
    response = handler(request, *args, **kwargs)
               ^^^^^^^^^^^^^^^^^^^^^^^^^^^^^^^^^
  File "C:\Users\User\Desktop\BirQadamFull-main\BirQadamDjango\api\api\web_portal.py", line 662, in get
    data = serializer.data
           ^^^^^^^^^^^^^^^
  File "C:\Users\User\Desktop\BirQadamFull-main\BirQadamDjango\venv\Lib\site-packages\rest_framework\serializers.py", line 573, in data
    ret = super().data
          ^^^^^^^^^^^^
  File "C:\Users\User\Desktop\BirQadamFull-main\BirQadamDjango\venv\Lib\site-packages\rest_framework\serializers.py", line 251, in data
    self._data = self.to_representation(self.instance)
                 ^^^^^^^^^^^^^^^^^^^^^^^^^^^^^^^^^^^^^
  File "C:\Users\User\Desktop\BirQadamFull-main\BirQadamDjango\venv\Lib\site-packages\rest_framework\serializers.py", line 525, in to_representation
    for field in fields:
  File "C:\Users\User\Desktop\BirQadamFull-main\BirQadamDjango\venv\Lib\site-packages\rest_framework\serializers.py", line 386, in _readable_fields
    for field in self.fields.values():
                 ^^^^^^^^^^^
  File "C:\Users\User\Desktop\BirQadamFull-main\BirQadamDjango\venv\Lib\site-packages\django\utils\functional.py", line 47, in __get__
    res = instance.__dict__[self.name] = self.func(instance)
                                         ^^^^^^^^^^^^^^^^^^^
  File "C:\Users\User\Desktop\BirQadamFull-main\BirQadamDjango\venv\Lib\site-packages\rest_framework\serializers.py", line 374, in fields
    for key, value in self.get_fields().items():
                      ^^^^^^^^^^^^^^^^^
  File "C:\Users\User\Desktop\BirQadamFull-main\BirQadamDjango\venv\Lib\site-packages\rest_framework\serializers.py", line 1105, in get_fields
    field_class, field_kwargs = self.build_field(
                                ^^^^^^^^^^^^^^^^^
  File "C:\Users\User\Desktop\BirQadamFull-main\BirQadamDjango\venv\Lib\site-packages\rest_framework\serializers.py", line 1251, in build_field
    return self.build_unknown_field(field_name, model_class)
           ^^^^^^^^^^^^^^^^^^^^^^^^^^^^^^^^^^^^^^^^^^^^^^^^^
  File "C:\Users\User\Desktop\BirQadamFull-main\BirQadamDjango\venv\Lib\site-packages\rest_framework\serializers.py", line 1369, in build_unknown_field
    raise ImproperlyConfigured(
django.core.exceptions.ImproperlyConfigured: Field name `active_projects` is not valid for model `User` in `api.serializers.web_portal.VolunteerProfileSerializer`.
ERROR 2026-03-26 01:44:32,418 basehttp 15772 14592 "GET /api/web/volunteer/profile/ HTTP/1.1" 500 20423
ERROR 2026-03-26 01:44:35,530 log 15772 14724 Internal Server Error: /api/web/volunteer/profile/
Traceback (most recent call last):
  File "C:\Users\User\Desktop\BirQadamFull-main\BirQadamDjango\venv\Lib\site-packages\django\core\handlers\exception.py", line 55, in inner
    response = get_response(request)
               ^^^^^^^^^^^^^^^^^^^^^
  File "C:\Users\User\Desktop\BirQadamFull-main\BirQadamDjango\venv\Lib\site-packages\django\core\handlers\base.py", line 197, in _get_response
    response = wrapped_callback(request, *callback_args, **callback_kwargs)
               ^^^^^^^^^^^^^^^^^^^^^^^^^^^^^^^^^^^^^^^^^^^^^^^^^^^^^^^^^^^^
  File "C:\Users\User\Desktop\BirQadamFull-main\BirQadamDjango\venv\Lib\site-packages\django\views\decorators\csrf.py", line 65, in _view_wrapper
    return view_func(request, *args, **kwargs)
           ^^^^^^^^^^^^^^^^^^^^^^^^^^^^^^^^^^^
  File "C:\Users\User\Desktop\BirQadamFull-main\BirQadamDjango\venv\Lib\site-packages\django\views\generic\base.py", line 104, in view
    return self.dispatch(request, *args, **kwargs)
           ^^^^^^^^^^^^^^^^^^^^^^^^^^^^^^^^^^^^^^^
  File "C:\Users\User\Desktop\BirQadamFull-main\BirQadamDjango\venv\Lib\site-packages\django\utils\decorators.py", line 48, in _wrapper
    return bound_method(*args, **kwargs)
           ^^^^^^^^^^^^^^^^^^^^^^^^^^^^^
  File "C:\Users\User\Desktop\BirQadamFull-main\BirQadamDjango\venv\Lib\site-packages\django\views\decorators\csrf.py", line 65, in _view_wrapper
    return view_func(request, *args, **kwargs)
           ^^^^^^^^^^^^^^^^^^^^^^^^^^^^^^^^^^^
  File "C:\Users\User\Desktop\BirQadamFull-main\BirQadamDjango\venv\Lib\site-packages\rest_framework\views.py", line 515, in dispatch
    response = self.handle_exception(exc)
               ^^^^^^^^^^^^^^^^^^^^^^^^^^
  File "C:\Users\User\Desktop\BirQadamFull-main\BirQadamDjango\venv\Lib\site-packages\rest_framework\views.py", line 475, in handle_exception
    self.raise_uncaught_exception(exc)
  File "C:\Users\User\Desktop\BirQadamFull-main\BirQadamDjango\venv\Lib\site-packages\rest_framework\views.py", line 486, in raise_uncaught_exception
    raise exc
  File "C:\Users\User\Desktop\BirQadamFull-main\BirQadamDjango\venv\Lib\site-packages\rest_framework\views.py", line 512, in dispatch
    response = handler(request, *args, **kwargs)
               ^^^^^^^^^^^^^^^^^^^^^^^^^^^^^^^^^
  File "C:\Users\User\Desktop\BirQadamFull-main\BirQadamDjango\api\api\web_portal.py", line 662, in get
    data = serializer.data
           ^^^^^^^^^^^^^^^
  File "C:\Users\User\Desktop\BirQadamFull-main\BirQadamDjango\venv\Lib\site-packages\rest_framework\serializers.py", line 573, in data
    ret = super().data
          ^^^^^^^^^^^^
  File "C:\Users\User\Desktop\BirQadamFull-main\BirQadamDjango\venv\Lib\site-packages\rest_framework\serializers.py", line 251, in data
    self._data = self.to_representation(self.instance)
                 ^^^^^^^^^^^^^^^^^^^^^^^^^^^^^^^^^^^^^
  File "C:\Users\User\Desktop\BirQadamFull-main\BirQadamDjango\venv\Lib\site-packages\rest_framework\serializers.py", line 525, in to_representation
    for field in fields:
  File "C:\Users\User\Desktop\BirQadamFull-main\BirQadamDjango\venv\Lib\site-packages\rest_framework\serializers.py", line 386, in _readable_fields
    for field in self.fields.values():
                 ^^^^^^^^^^^
  File "C:\Users\User\Desktop\BirQadamFull-main\BirQadamDjango\venv\Lib\site-packages\django\utils\functional.py", line 47, in __get__
    res = instance.__dict__[self.name] = self.func(instance)
                                         ^^^^^^^^^^^^^^^^^^^
  File "C:\Users\User\Desktop\BirQadamFull-main\BirQadamDjango\venv\Lib\site-packages\rest_framework\serializers.py", line 374, in fields
    for key, value in self.get_fields().items():
                      ^^^^^^^^^^^^^^^^^
  File "C:\Users\User\Desktop\BirQadamFull-main\BirQadamDjango\venv\Lib\site-packages\rest_framework\serializers.py", line 1105, in get_fields
    field_class, field_kwargs = self.build_field(
                                ^^^^^^^^^^^^^^^^^
  File "C:\Users\User\Desktop\BirQadamFull-main\BirQadamDjango\venv\Lib\site-packages\rest_framework\serializers.py", line 1251, in build_field
    return self.build_unknown_field(field_name, model_class)
           ^^^^^^^^^^^^^^^^^^^^^^^^^^^^^^^^^^^^^^^^^^^^^^^^^
  File "C:\Users\User\Desktop\BirQadamFull-main\BirQadamDjango\venv\Lib\site-packages\rest_framework\serializers.py", line 1369, in build_unknown_field
    raise ImproperlyConfigured(
django.core.exceptions.ImproperlyConfigured: Field name `active_projects` is not valid for model `User` in `api.serializers.web_portal.VolunteerProfileSerializer`.
ERROR 2026-03-26 01:44:35,534 basehttp 15772 14724 "GET /api/web/volunteer/profile/ HTTP/1.1" 500 20461
ERROR 2026-03-26 01:45:28,342 log 15772 16568 Internal Server Error: /api/web/volunteer/profile/
Traceback (most recent call last):
  File "C:\Users\User\Desktop\BirQadamFull-main\BirQadamDjango\venv\Lib\site-packages\django\core\handlers\exception.py", line 55, in inner
    response = get_response(request)
               ^^^^^^^^^^^^^^^^^^^^^
  File "C:\Users\User\Desktop\BirQadamFull-main\BirQadamDjango\venv\Lib\site-packages\django\core\handlers\base.py", line 197, in _get_response
    response = wrapped_callback(request, *callback_args, **callback_kwargs)
               ^^^^^^^^^^^^^^^^^^^^^^^^^^^^^^^^^^^^^^^^^^^^^^^^^^^^^^^^^^^^
  File "C:\Users\User\Desktop\BirQadamFull-main\BirQadamDjango\venv\Lib\site-packages\django\views\decorators\csrf.py", line 65, in _view_wrapper
    return view_func(request, *args, **kwargs)
           ^^^^^^^^^^^^^^^^^^^^^^^^^^^^^^^^^^^
  File "C:\Users\User\Desktop\BirQadamFull-main\BirQadamDjango\venv\Lib\site-packages\django\views\generic\base.py", line 104, in view
    return self.dispatch(request, *args, **kwargs)
           ^^^^^^^^^^^^^^^^^^^^^^^^^^^^^^^^^^^^^^^
  File "C:\Users\User\Desktop\BirQadamFull-main\BirQadamDjango\venv\Lib\site-packages\django\utils\decorators.py", line 48, in _wrapper
    return bound_method(*args, **kwargs)
           ^^^^^^^^^^^^^^^^^^^^^^^^^^^^^
  File "C:\Users\User\Desktop\BirQadamFull-main\BirQadamDjango\venv\Lib\site-packages\django\views\decorators\csrf.py", line 65, in _view_wrapper
    return view_func(request, *args, **kwargs)
           ^^^^^^^^^^^^^^^^^^^^^^^^^^^^^^^^^^^
  File "C:\Users\User\Desktop\BirQadamFull-main\BirQadamDjango\venv\Lib\site-packages\rest_framework\views.py", line 515, in dispatch
    response = self.handle_exception(exc)
               ^^^^^^^^^^^^^^^^^^^^^^^^^^
  File "C:\Users\User\Desktop\BirQadamFull-main\BirQadamDjango\venv\Lib\site-packages\rest_framework\views.py", line 475, in handle_exception
    self.raise_uncaught_exception(exc)
  File "C:\Users\User\Desktop\BirQadamFull-main\BirQadamDjango\venv\Lib\site-packages\rest_framework\views.py", line 486, in raise_uncaught_exception
    raise exc
  File "C:\Users\User\Desktop\BirQadamFull-main\BirQadamDjango\venv\Lib\site-packages\rest_framework\views.py", line 512, in dispatch
    response = handler(request, *args, **kwargs)
               ^^^^^^^^^^^^^^^^^^^^^^^^^^^^^^^^^
  File "C:\Users\User\Desktop\BirQadamFull-main\BirQadamDjango\api\api\web_portal.py", line 662, in get
    data = serializer.data
           ^^^^^^^^^^^^^^^
  File "C:\Users\User\Desktop\BirQadamFull-main\BirQadamDjango\venv\Lib\site-packages\rest_framework\serializers.py", line 573, in data
    ret = super().data
          ^^^^^^^^^^^^
  File "C:\Users\User\Desktop\BirQadamFull-main\BirQadamDjango\venv\Lib\site-packages\rest_framework\serializers.py", line 251, in data
    self._data = self.to_representation(self.instance)
                 ^^^^^^^^^^^^^^^^^^^^^^^^^^^^^^^^^^^^^
  File "C:\Users\User\Desktop\BirQadamFull-main\BirQadamDjango\venv\Lib\site-packages\rest_framework\serializers.py", line 525, in to_representation
    for field in fields:
  File "C:\Users\User\Desktop\BirQadamFull-main\BirQadamDjango\venv\Lib\site-packages\rest_framework\serializers.py", line 386, in _readable_fields
    for field in self.fields.values():
                 ^^^^^^^^^^^
  File "C:\Users\User\Desktop\BirQadamFull-main\BirQadamDjango\venv\Lib\site-packages\django\utils\functional.py", line 47, in __get__
    res = instance.__dict__[self.name] = self.func(instance)
                                         ^^^^^^^^^^^^^^^^^^^
  File "C:\Users\User\Desktop\BirQadamFull-main\BirQadamDjango\venv\Lib\site-packages\rest_framework\serializers.py", line 374, in fields
    for key, value in self.get_fields().items():
                      ^^^^^^^^^^^^^^^^^
  File "C:\Users\User\Desktop\BirQadamFull-main\BirQadamDjango\venv\Lib\site-packages\rest_framework\serializers.py", line 1105, in get_fields
    field_class, field_kwargs = self.build_field(
                                ^^^^^^^^^^^^^^^^^
  File "C:\Users\User\Desktop\BirQadamFull-main\BirQadamDjango\venv\Lib\site-packages\rest_framework\serializers.py", line 1251, in build_field
    return self.build_unknown_field(field_name, model_class)
           ^^^^^^^^^^^^^^^^^^^^^^^^^^^^^^^^^^^^^^^^^^^^^^^^^
  File "C:\Users\User\Desktop\BirQadamFull-main\BirQadamDjango\venv\Lib\site-packages\rest_framework\serializers.py", line 1369, in build_unknown_field
    raise ImproperlyConfigured(
django.core.exceptions.ImproperlyConfigured: Field name `active_projects` is not valid for model `User` in `api.serializers.web_portal.VolunteerProfileSerializer`.
ERROR 2026-03-26 01:45:28,346 basehttp 15772 16568 "GET /api/web/volunteer/profile/ HTTP/1.1" 500 20371
ERROR 2026-03-26 01:46:21,570 log 15772 4560 Internal Server Error: /api/web/volunteer/profile/
Traceback (most recent call last):
  File "C:\Users\User\Desktop\BirQadamFull-main\BirQadamDjango\venv\Lib\site-packages\django\core\handlers\exception.py", line 55, in inner
    response = get_response(request)
               ^^^^^^^^^^^^^^^^^^^^^
  File "C:\Users\User\Desktop\BirQadamFull-main\BirQadamDjango\venv\Lib\site-packages\django\core\handlers\base.py", line 197, in _get_response
    response = wrapped_callback(request, *callback_args, **callback_kwargs)
               ^^^^^^^^^^^^^^^^^^^^^^^^^^^^^^^^^^^^^^^^^^^^^^^^^^^^^^^^^^^^
  File "C:\Users\User\Desktop\BirQadamFull-main\BirQadamDjango\venv\Lib\site-packages\django\views\decorators\csrf.py", line 65, in _view_wrapper
    return view_func(request, *args, **kwargs)
           ^^^^^^^^^^^^^^^^^^^^^^^^^^^^^^^^^^^
  File "C:\Users\User\Desktop\BirQadamFull-main\BirQadamDjango\venv\Lib\site-packages\django\views\generic\base.py", line 104, in view
    return self.dispatch(request, *args, **kwargs)
           ^^^^^^^^^^^^^^^^^^^^^^^^^^^^^^^^^^^^^^^
  File "C:\Users\User\Desktop\BirQadamFull-main\BirQadamDjango\venv\Lib\site-packages\django\utils\decorators.py", line 48, in _wrapper
    return bound_method(*args, **kwargs)
           ^^^^^^^^^^^^^^^^^^^^^^^^^^^^^
  File "C:\Users\User\Desktop\BirQadamFull-main\BirQadamDjango\venv\Lib\site-packages\django\views\decorators\csrf.py", line 65, in _view_wrapper
    return view_func(request, *args, **kwargs)
           ^^^^^^^^^^^^^^^^^^^^^^^^^^^^^^^^^^^
  File "C:\Users\User\Desktop\BirQadamFull-main\BirQadamDjango\venv\Lib\site-packages\rest_framework\views.py", line 515, in dispatch
    response = self.handle_exception(exc)
               ^^^^^^^^^^^^^^^^^^^^^^^^^^
  File "C:\Users\User\Desktop\BirQadamFull-main\BirQadamDjango\venv\Lib\site-packages\rest_framework\views.py", line 475, in handle_exception
    self.raise_uncaught_exception(exc)
  File "C:\Users\User\Desktop\BirQadamFull-main\BirQadamDjango\venv\Lib\site-packages\rest_framework\views.py", line 486, in raise_uncaught_exception
    raise exc
  File "C:\Users\User\Desktop\BirQadamFull-main\BirQadamDjango\venv\Lib\site-packages\rest_framework\views.py", line 512, in dispatch
    response = handler(request, *args, **kwargs)
               ^^^^^^^^^^^^^^^^^^^^^^^^^^^^^^^^^
  File "C:\Users\User\Desktop\BirQadamFull-main\BirQadamDjango\api\api\web_portal.py", line 662, in get
    data = serializer.data
           ^^^^^^^^^^^^^^^
  File "C:\Users\User\Desktop\BirQadamFull-main\BirQadamDjango\venv\Lib\site-packages\rest_framework\serializers.py", line 573, in data
    ret = super().data
          ^^^^^^^^^^^^
  File "C:\Users\User\Desktop\BirQadamFull-main\BirQadamDjango\venv\Lib\site-packages\rest_framework\serializers.py", line 251, in data
    self._data = self.to_representation(self.instance)
                 ^^^^^^^^^^^^^^^^^^^^^^^^^^^^^^^^^^^^^
  File "C:\Users\User\Desktop\BirQadamFull-main\BirQadamDjango\venv\Lib\site-packages\rest_framework\serializers.py", line 525, in to_representation
    for field in fields:
  File "C:\Users\User\Desktop\BirQadamFull-main\BirQadamDjango\venv\Lib\site-packages\rest_framework\serializers.py", line 386, in _readable_fields
    for field in self.fields.values():
                 ^^^^^^^^^^^
  File "C:\Users\User\Desktop\BirQadamFull-main\BirQadamDjango\venv\Lib\site-packages\django\utils\functional.py", line 47, in __get__
    res = instance.__dict__[self.name] = self.func(instance)
                                         ^^^^^^^^^^^^^^^^^^^
  File "C:\Users\User\Desktop\BirQadamFull-main\BirQadamDjango\venv\Lib\site-packages\rest_framework\serializers.py", line 374, in fields
    for key, value in self.get_fields().items():
                      ^^^^^^^^^^^^^^^^^
  File "C:\Users\User\Desktop\BirQadamFull-main\BirQadamDjango\venv\Lib\site-packages\rest_framework\serializers.py", line 1105, in get_fields
    field_class, field_kwargs = self.build_field(
                                ^^^^^^^^^^^^^^^^^
  File "C:\Users\User\Desktop\BirQadamFull-main\BirQadamDjango\venv\Lib\site-packages\rest_framework\serializers.py", line 1251, in build_field
    return self.build_unknown_field(field_name, model_class)
           ^^^^^^^^^^^^^^^^^^^^^^^^^^^^^^^^^^^^^^^^^^^^^^^^^
  File "C:\Users\User\Desktop\BirQadamFull-main\BirQadamDjango\venv\Lib\site-packages\rest_framework\serializers.py", line 1369, in build_unknown_field
    raise ImproperlyConfigured(
django.core.exceptions.ImproperlyConfigured: Field name `active_projects` is not valid for model `User` in `api.serializers.web_portal.VolunteerProfileSerializer`.
ERROR 2026-03-26 01:46:21,573 basehttp 15772 4560 "GET /api/web/volunteer/profile/ HTTP/1.1" 500 20445
ERROR 2026-03-26 01:46:25,387 log 15772 4560 Internal Server Error: /api/web/volunteer/profile/
Traceback (most recent call last):
  File "C:\Users\User\Desktop\BirQadamFull-main\BirQadamDjango\venv\Lib\site-packages\django\core\handlers\exception.py", line 55, in inner
    response = get_response(request)
               ^^^^^^^^^^^^^^^^^^^^^
  File "C:\Users\User\Desktop\BirQadamFull-main\BirQadamDjango\venv\Lib\site-packages\django\core\handlers\base.py", line 197, in _get_response
    response = wrapped_callback(request, *callback_args, **callback_kwargs)
               ^^^^^^^^^^^^^^^^^^^^^^^^^^^^^^^^^^^^^^^^^^^^^^^^^^^^^^^^^^^^
  File "C:\Users\User\Desktop\BirQadamFull-main\BirQadamDjango\venv\Lib\site-packages\django\views\decorators\csrf.py", line 65, in _view_wrapper
    return view_func(request, *args, **kwargs)
           ^^^^^^^^^^^^^^^^^^^^^^^^^^^^^^^^^^^
  File "C:\Users\User\Desktop\BirQadamFull-main\BirQadamDjango\venv\Lib\site-packages\django\views\generic\base.py", line 104, in view
    return self.dispatch(request, *args, **kwargs)
           ^^^^^^^^^^^^^^^^^^^^^^^^^^^^^^^^^^^^^^^
  File "C:\Users\User\Desktop\BirQadamFull-main\BirQadamDjango\venv\Lib\site-packages\django\utils\decorators.py", line 48, in _wrapper
    return bound_method(*args, **kwargs)
           ^^^^^^^^^^^^^^^^^^^^^^^^^^^^^
  File "C:\Users\User\Desktop\BirQadamFull-main\BirQadamDjango\venv\Lib\site-packages\django\views\decorators\csrf.py", line 65, in _view_wrapper
    return view_func(request, *args, **kwargs)
           ^^^^^^^^^^^^^^^^^^^^^^^^^^^^^^^^^^^
  File "C:\Users\User\Desktop\BirQadamFull-main\BirQadamDjango\venv\Lib\site-packages\rest_framework\views.py", line 515, in dispatch
    response = self.handle_exception(exc)
               ^^^^^^^^^^^^^^^^^^^^^^^^^^
  File "C:\Users\User\Desktop\BirQadamFull-main\BirQadamDjango\venv\Lib\site-packages\rest_framework\views.py", line 475, in handle_exception
    self.raise_uncaught_exception(exc)
  File "C:\Users\User\Desktop\BirQadamFull-main\BirQadamDjango\venv\Lib\site-packages\rest_framework\views.py", line 486, in raise_uncaught_exception
    raise exc
  File "C:\Users\User\Desktop\BirQadamFull-main\BirQadamDjango\venv\Lib\site-packages\rest_framework\views.py", line 512, in dispatch
    response = handler(request, *args, **kwargs)
               ^^^^^^^^^^^^^^^^^^^^^^^^^^^^^^^^^
  File "C:\Users\User\Desktop\BirQadamFull-main\BirQadamDjango\api\api\web_portal.py", line 662, in get
    data = serializer.data
           ^^^^^^^^^^^^^^^
  File "C:\Users\User\Desktop\BirQadamFull-main\BirQadamDjango\venv\Lib\site-packages\rest_framework\serializers.py", line 573, in data
    ret = super().data
          ^^^^^^^^^^^^
  File "C:\Users\User\Desktop\BirQadamFull-main\BirQadamDjango\venv\Lib\site-packages\rest_framework\serializers.py", line 251, in data
    self._data = self.to_representation(self.instance)
                 ^^^^^^^^^^^^^^^^^^^^^^^^^^^^^^^^^^^^^
  File "C:\Users\User\Desktop\BirQadamFull-main\BirQadamDjango\venv\Lib\site-packages\rest_framework\serializers.py", line 525, in to_representation
    for field in fields:
  File "C:\Users\User\Desktop\BirQadamFull-main\BirQadamDjango\venv\Lib\site-packages\rest_framework\serializers.py", line 386, in _readable_fields
    for field in self.fields.values():
                 ^^^^^^^^^^^
  File "C:\Users\User\Desktop\BirQadamFull-main\BirQadamDjango\venv\Lib\site-packages\django\utils\functional.py", line 47, in __get__
    res = instance.__dict__[self.name] = self.func(instance)
                                         ^^^^^^^^^^^^^^^^^^^
  File "C:\Users\User\Desktop\BirQadamFull-main\BirQadamDjango\venv\Lib\site-packages\rest_framework\serializers.py", line 374, in fields
    for key, value in self.get_fields().items():
                      ^^^^^^^^^^^^^^^^^
  File "C:\Users\User\Desktop\BirQadamFull-main\BirQadamDjango\venv\Lib\site-packages\rest_framework\serializers.py", line 1105, in get_fields
    field_class, field_kwargs = self.build_field(
                                ^^^^^^^^^^^^^^^^^
  File "C:\Users\User\Desktop\BirQadamFull-main\BirQadamDjango\venv\Lib\site-packages\rest_framework\serializers.py", line 1251, in build_field
    return self.build_unknown_field(field_name, model_class)
           ^^^^^^^^^^^^^^^^^^^^^^^^^^^^^^^^^^^^^^^^^^^^^^^^^
  File "C:\Users\User\Desktop\BirQadamFull-main\BirQadamDjango\venv\Lib\site-packages\rest_framework\serializers.py", line 1369, in build_unknown_field
    raise ImproperlyConfigured(
django.core.exceptions.ImproperlyConfigured: Field name `active_projects` is not valid for model `User` in `api.serializers.web_portal.VolunteerProfileSerializer`.
ERROR 2026-03-26 01:46:25,390 basehttp 15772 4560 "GET /api/web/volunteer/profile/ HTTP/1.1" 500 20450
ERROR 2026-03-26 01:46:34,004 log 15772 4560 Internal Server Error: /api/web/volunteer/profile/
Traceback (most recent call last):
  File "C:\Users\User\Desktop\BirQadamFull-main\BirQadamDjango\venv\Lib\site-packages\django\core\handlers\exception.py", line 55, in inner
    response = get_response(request)
               ^^^^^^^^^^^^^^^^^^^^^
  File "C:\Users\User\Desktop\BirQadamFull-main\BirQadamDjango\venv\Lib\site-packages\django\core\handlers\base.py", line 197, in _get_response
    response = wrapped_callback(request, *callback_args, **callback_kwargs)
               ^^^^^^^^^^^^^^^^^^^^^^^^^^^^^^^^^^^^^^^^^^^^^^^^^^^^^^^^^^^^
  File "C:\Users\User\Desktop\BirQadamFull-main\BirQadamDjango\venv\Lib\site-packages\django\views\decorators\csrf.py", line 65, in _view_wrapper
    return view_func(request, *args, **kwargs)
           ^^^^^^^^^^^^^^^^^^^^^^^^^^^^^^^^^^^
  File "C:\Users\User\Desktop\BirQadamFull-main\BirQadamDjango\venv\Lib\site-packages\django\views\generic\base.py", line 104, in view
    return self.dispatch(request, *args, **kwargs)
           ^^^^^^^^^^^^^^^^^^^^^^^^^^^^^^^^^^^^^^^
  File "C:\Users\User\Desktop\BirQadamFull-main\BirQadamDjango\venv\Lib\site-packages\django\utils\decorators.py", line 48, in _wrapper
    return bound_method(*args, **kwargs)
           ^^^^^^^^^^^^^^^^^^^^^^^^^^^^^
  File "C:\Users\User\Desktop\BirQadamFull-main\BirQadamDjango\venv\Lib\site-packages\django\views\decorators\csrf.py", line 65, in _view_wrapper
    return view_func(request, *args, **kwargs)
           ^^^^^^^^^^^^^^^^^^^^^^^^^^^^^^^^^^^
  File "C:\Users\User\Desktop\BirQadamFull-main\BirQadamDjango\venv\Lib\site-packages\rest_framework\views.py", line 515, in dispatch
    response = self.handle_exception(exc)
               ^^^^^^^^^^^^^^^^^^^^^^^^^^
  File "C:\Users\User\Desktop\BirQadamFull-main\BirQadamDjango\venv\Lib\site-packages\rest_framework\views.py", line 475, in handle_exception
    self.raise_uncaught_exception(exc)
  File "C:\Users\User\Desktop\BirQadamFull-main\BirQadamDjango\venv\Lib\site-packages\rest_framework\views.py", line 486, in raise_uncaught_exception
    raise exc
  File "C:\Users\User\Desktop\BirQadamFull-main\BirQadamDjango\venv\Lib\site-packages\rest_framework\views.py", line 512, in dispatch
    response = handler(request, *args, **kwargs)
               ^^^^^^^^^^^^^^^^^^^^^^^^^^^^^^^^^
  File "C:\Users\User\Desktop\BirQadamFull-main\BirQadamDjango\api\api\web_portal.py", line 662, in get
    data = serializer.data
           ^^^^^^^^^^^^^^^
  File "C:\Users\User\Desktop\BirQadamFull-main\BirQadamDjango\venv\Lib\site-packages\rest_framework\serializers.py", line 573, in data
    ret = super().data
          ^^^^^^^^^^^^
  File "C:\Users\User\Desktop\BirQadamFull-main\BirQadamDjango\venv\Lib\site-packages\rest_framework\serializers.py", line 251, in data
    self._data = self.to_representation(self.instance)
                 ^^^^^^^^^^^^^^^^^^^^^^^^^^^^^^^^^^^^^
  File "C:\Users\User\Desktop\BirQadamFull-main\BirQadamDjango\venv\Lib\site-packages\rest_framework\serializers.py", line 525, in to_representation
    for field in fields:
  File "C:\Users\User\Desktop\BirQadamFull-main\BirQadamDjango\venv\Lib\site-packages\rest_framework\serializers.py", line 386, in _readable_fields
    for field in self.fields.values():
                 ^^^^^^^^^^^
  File "C:\Users\User\Desktop\BirQadamFull-main\BirQadamDjango\venv\Lib\site-packages\django\utils\functional.py", line 47, in __get__
    res = instance.__dict__[self.name] = self.func(instance)
                                         ^^^^^^^^^^^^^^^^^^^
  File "C:\Users\User\Desktop\BirQadamFull-main\BirQadamDjango\venv\Lib\site-packages\rest_framework\serializers.py", line 374, in fields
    for key, value in self.get_fields().items():
                      ^^^^^^^^^^^^^^^^^
  File "C:\Users\User\Desktop\BirQadamFull-main\BirQadamDjango\venv\Lib\site-packages\rest_framework\serializers.py", line 1105, in get_fields
    field_class, field_kwargs = self.build_field(
                                ^^^^^^^^^^^^^^^^^
  File "C:\Users\User\Desktop\BirQadamFull-main\BirQadamDjango\venv\Lib\site-packages\rest_framework\serializers.py", line 1251, in build_field
    return self.build_unknown_field(field_name, model_class)
           ^^^^^^^^^^^^^^^^^^^^^^^^^^^^^^^^^^^^^^^^^^^^^^^^^
  File "C:\Users\User\Desktop\BirQadamFull-main\BirQadamDjango\venv\Lib\site-packages\rest_framework\serializers.py", line 1369, in build_unknown_field
    raise ImproperlyConfigured(
django.core.exceptions.ImproperlyConfigured: Field name `active_projects` is not valid for model `User` in `api.serializers.web_portal.VolunteerProfileSerializer`.
ERROR 2026-03-26 01:46:34,007 basehttp 15772 4560 "GET /api/web/volunteer/profile/ HTTP/1.1" 500 20384
ERROR 2026-03-26 01:46:42,233 log 15772 4560 Internal Server Error: /api/web/volunteer/profile/
Traceback (most recent call last):
  File "C:\Users\User\Desktop\BirQadamFull-main\BirQadamDjango\venv\Lib\site-packages\django\core\handlers\exception.py", line 55, in inner
    response = get_response(request)
               ^^^^^^^^^^^^^^^^^^^^^
  File "C:\Users\User\Desktop\BirQadamFull-main\BirQadamDjango\venv\Lib\site-packages\django\core\handlers\base.py", line 197, in _get_response
    response = wrapped_callback(request, *callback_args, **callback_kwargs)
               ^^^^^^^^^^^^^^^^^^^^^^^^^^^^^^^^^^^^^^^^^^^^^^^^^^^^^^^^^^^^
  File "C:\Users\User\Desktop\BirQadamFull-main\BirQadamDjango\venv\Lib\site-packages\django\views\decorators\csrf.py", line 65, in _view_wrapper
    return view_func(request, *args, **kwargs)
           ^^^^^^^^^^^^^^^^^^^^^^^^^^^^^^^^^^^
  File "C:\Users\User\Desktop\BirQadamFull-main\BirQadamDjango\venv\Lib\site-packages\django\views\generic\base.py", line 104, in view
    return self.dispatch(request, *args, **kwargs)
           ^^^^^^^^^^^^^^^^^^^^^^^^^^^^^^^^^^^^^^^
  File "C:\Users\User\Desktop\BirQadamFull-main\BirQadamDjango\venv\Lib\site-packages\django\utils\decorators.py", line 48, in _wrapper
    return bound_method(*args, **kwargs)
           ^^^^^^^^^^^^^^^^^^^^^^^^^^^^^
  File "C:\Users\User\Desktop\BirQadamFull-main\BirQadamDjango\venv\Lib\site-packages\django\views\decorators\csrf.py", line 65, in _view_wrapper
    return view_func(request, *args, **kwargs)
           ^^^^^^^^^^^^^^^^^^^^^^^^^^^^^^^^^^^
  File "C:\Users\User\Desktop\BirQadamFull-main\BirQadamDjango\venv\Lib\site-packages\rest_framework\views.py", line 515, in dispatch
    response = self.handle_exception(exc)
               ^^^^^^^^^^^^^^^^^^^^^^^^^^
  File "C:\Users\User\Desktop\BirQadamFull-main\BirQadamDjango\venv\Lib\site-packages\rest_framework\views.py", line 475, in handle_exception
    self.raise_uncaught_exception(exc)
  File "C:\Users\User\Desktop\BirQadamFull-main\BirQadamDjango\venv\Lib\site-packages\rest_framework\views.py", line 486, in raise_uncaught_exception
    raise exc
  File "C:\Users\User\Desktop\BirQadamFull-main\BirQadamDjango\venv\Lib\site-packages\rest_framework\views.py", line 512, in dispatch
    response = handler(request, *args, **kwargs)
               ^^^^^^^^^^^^^^^^^^^^^^^^^^^^^^^^^
  File "C:\Users\User\Desktop\BirQadamFull-main\BirQadamDjango\api\api\web_portal.py", line 662, in get
    data = serializer.data
           ^^^^^^^^^^^^^^^
  File "C:\Users\User\Desktop\BirQadamFull-main\BirQadamDjango\venv\Lib\site-packages\rest_framework\serializers.py", line 573, in data
    ret = super().data
          ^^^^^^^^^^^^
  File "C:\Users\User\Desktop\BirQadamFull-main\BirQadamDjango\venv\Lib\site-packages\rest_framework\serializers.py", line 251, in data
    self._data = self.to_representation(self.instance)
                 ^^^^^^^^^^^^^^^^^^^^^^^^^^^^^^^^^^^^^
  File "C:\Users\User\Desktop\BirQadamFull-main\BirQadamDjango\venv\Lib\site-packages\rest_framework\serializers.py", line 525, in to_representation
    for field in fields:
  File "C:\Users\User\Desktop\BirQadamFull-main\BirQadamDjango\venv\Lib\site-packages\rest_framework\serializers.py", line 386, in _readable_fields
    for field in self.fields.values():
                 ^^^^^^^^^^^
  File "C:\Users\User\Desktop\BirQadamFull-main\BirQadamDjango\venv\Lib\site-packages\django\utils\functional.py", line 47, in __get__
    res = instance.__dict__[self.name] = self.func(instance)
                                         ^^^^^^^^^^^^^^^^^^^
  File "C:\Users\User\Desktop\BirQadamFull-main\BirQadamDjango\venv\Lib\site-packages\rest_framework\serializers.py", line 374, in fields
    for key, value in self.get_fields().items():
                      ^^^^^^^^^^^^^^^^^
  File "C:\Users\User\Desktop\BirQadamFull-main\BirQadamDjango\venv\Lib\site-packages\rest_framework\serializers.py", line 1105, in get_fields
    field_class, field_kwargs = self.build_field(
                                ^^^^^^^^^^^^^^^^^
  File "C:\Users\User\Desktop\BirQadamFull-main\BirQadamDjango\venv\Lib\site-packages\rest_framework\serializers.py", line 1251, in build_field
    return self.build_unknown_field(field_name, model_class)
           ^^^^^^^^^^^^^^^^^^^^^^^^^^^^^^^^^^^^^^^^^^^^^^^^^
  File "C:\Users\User\Desktop\BirQadamFull-main\BirQadamDjango\venv\Lib\site-packages\rest_framework\serializers.py", line 1369, in build_unknown_field
    raise ImproperlyConfigured(
django.core.exceptions.ImproperlyConfigured: Field name `active_projects` is not valid for model `User` in `api.serializers.web_portal.VolunteerProfileSerializer`.
ERROR 2026-03-26 01:46:42,236 basehttp 15772 4560 "GET /api/web/volunteer/profile/ HTTP/1.1" 500 20444
ERROR 2026-03-26 01:47:17,234 log 15772 16224 Internal Server Error: /api/web/volunteer/profile/
Traceback (most recent call last):
  File "C:\Users\User\Desktop\BirQadamFull-main\BirQadamDjango\venv\Lib\site-packages\django\core\handlers\exception.py", line 55, in inner
    response = get_response(request)
               ^^^^^^^^^^^^^^^^^^^^^
  File "C:\Users\User\Desktop\BirQadamFull-main\BirQadamDjango\venv\Lib\site-packages\django\core\handlers\base.py", line 197, in _get_response
    response = wrapped_callback(request, *callback_args, **callback_kwargs)
               ^^^^^^^^^^^^^^^^^^^^^^^^^^^^^^^^^^^^^^^^^^^^^^^^^^^^^^^^^^^^
  File "C:\Users\User\Desktop\BirQadamFull-main\BirQadamDjango\venv\Lib\site-packages\django\views\decorators\csrf.py", line 65, in _view_wrapper
    return view_func(request, *args, **kwargs)
           ^^^^^^^^^^^^^^^^^^^^^^^^^^^^^^^^^^^
  File "C:\Users\User\Desktop\BirQadamFull-main\BirQadamDjango\venv\Lib\site-packages\django\views\generic\base.py", line 104, in view
    return self.dispatch(request, *args, **kwargs)
           ^^^^^^^^^^^^^^^^^^^^^^^^^^^^^^^^^^^^^^^
  File "C:\Users\User\Desktop\BirQadamFull-main\BirQadamDjango\venv\Lib\site-packages\django\utils\decorators.py", line 48, in _wrapper
    return bound_method(*args, **kwargs)
           ^^^^^^^^^^^^^^^^^^^^^^^^^^^^^
  File "C:\Users\User\Desktop\BirQadamFull-main\BirQadamDjango\venv\Lib\site-packages\django\views\decorators\csrf.py", line 65, in _view_wrapper
    return view_func(request, *args, **kwargs)
           ^^^^^^^^^^^^^^^^^^^^^^^^^^^^^^^^^^^
  File "C:\Users\User\Desktop\BirQadamFull-main\BirQadamDjango\venv\Lib\site-packages\rest_framework\views.py", line 515, in dispatch
    response = self.handle_exception(exc)
               ^^^^^^^^^^^^^^^^^^^^^^^^^^
  File "C:\Users\User\Desktop\BirQadamFull-main\BirQadamDjango\venv\Lib\site-packages\rest_framework\views.py", line 475, in handle_exception
    self.raise_uncaught_exception(exc)
  File "C:\Users\User\Desktop\BirQadamFull-main\BirQadamDjango\venv\Lib\site-packages\rest_framework\views.py", line 486, in raise_uncaught_exception
    raise exc
  File "C:\Users\User\Desktop\BirQadamFull-main\BirQadamDjango\venv\Lib\site-packages\rest_framework\views.py", line 512, in dispatch
    response = handler(request, *args, **kwargs)
               ^^^^^^^^^^^^^^^^^^^^^^^^^^^^^^^^^
  File "C:\Users\User\Desktop\BirQadamFull-main\BirQadamDjango\api\api\web_portal.py", line 662, in get
    data = serializer.data
           ^^^^^^^^^^^^^^^
  File "C:\Users\User\Desktop\BirQadamFull-main\BirQadamDjango\venv\Lib\site-packages\rest_framework\serializers.py", line 573, in data
    ret = super().data
          ^^^^^^^^^^^^
  File "C:\Users\User\Desktop\BirQadamFull-main\BirQadamDjango\venv\Lib\site-packages\rest_framework\serializers.py", line 251, in data
    self._data = self.to_representation(self.instance)
                 ^^^^^^^^^^^^^^^^^^^^^^^^^^^^^^^^^^^^^
  File "C:\Users\User\Desktop\BirQadamFull-main\BirQadamDjango\venv\Lib\site-packages\rest_framework\serializers.py", line 525, in to_representation
    for field in fields:
  File "C:\Users\User\Desktop\BirQadamFull-main\BirQadamDjango\venv\Lib\site-packages\rest_framework\serializers.py", line 386, in _readable_fields
    for field in self.fields.values():
                 ^^^^^^^^^^^
  File "C:\Users\User\Desktop\BirQadamFull-main\BirQadamDjango\venv\Lib\site-packages\django\utils\functional.py", line 47, in __get__
    res = instance.__dict__[self.name] = self.func(instance)
                                         ^^^^^^^^^^^^^^^^^^^
  File "C:\Users\User\Desktop\BirQadamFull-main\BirQadamDjango\venv\Lib\site-packages\rest_framework\serializers.py", line 374, in fields
    for key, value in self.get_fields().items():
                      ^^^^^^^^^^^^^^^^^
  File "C:\Users\User\Desktop\BirQadamFull-main\BirQadamDjango\venv\Lib\site-packages\rest_framework\serializers.py", line 1105, in get_fields
    field_class, field_kwargs = self.build_field(
                                ^^^^^^^^^^^^^^^^^
  File "C:\Users\User\Desktop\BirQadamFull-main\BirQadamDjango\venv\Lib\site-packages\rest_framework\serializers.py", line 1251, in build_field
    return self.build_unknown_field(field_name, model_class)
           ^^^^^^^^^^^^^^^^^^^^^^^^^^^^^^^^^^^^^^^^^^^^^^^^^
  File "C:\Users\User\Desktop\BirQadamFull-main\BirQadamDjango\venv\Lib\site-packages\rest_framework\serializers.py", line 1369, in build_unknown_field
    raise ImproperlyConfigured(
django.core.exceptions.ImproperlyConfigured: Field name `active_projects` is not valid for model `User` in `api.serializers.web_portal.VolunteerProfileSerializer`.
ERROR 2026-03-26 01:47:17,238 basehttp 15772 16224 "GET /api/web/volunteer/profile/ HTTP/1.1" 500 20455
ERROR 2026-03-26 01:47:36,011 log 15772 16224 Internal Server Error: /api/web/volunteer/profile/
Traceback (most recent call last):
  File "C:\Users\User\Desktop\BirQadamFull-main\BirQadamDjango\venv\Lib\site-packages\django\core\handlers\exception.py", line 55, in inner
    response = get_response(request)
               ^^^^^^^^^^^^^^^^^^^^^
  File "C:\Users\User\Desktop\BirQadamFull-main\BirQadamDjango\venv\Lib\site-packages\django\core\handlers\base.py", line 197, in _get_response
    response = wrapped_callback(request, *callback_args, **callback_kwargs)
               ^^^^^^^^^^^^^^^^^^^^^^^^^^^^^^^^^^^^^^^^^^^^^^^^^^^^^^^^^^^^
  File "C:\Users\User\Desktop\BirQadamFull-main\BirQadamDjango\venv\Lib\site-packages\django\views\decorators\csrf.py", line 65, in _view_wrapper
    return view_func(request, *args, **kwargs)
           ^^^^^^^^^^^^^^^^^^^^^^^^^^^^^^^^^^^
  File "C:\Users\User\Desktop\BirQadamFull-main\BirQadamDjango\venv\Lib\site-packages\django\views\generic\base.py", line 104, in view
    return self.dispatch(request, *args, **kwargs)
           ^^^^^^^^^^^^^^^^^^^^^^^^^^^^^^^^^^^^^^^
  File "C:\Users\User\Desktop\BirQadamFull-main\BirQadamDjango\venv\Lib\site-packages\django\utils\decorators.py", line 48, in _wrapper
    return bound_method(*args, **kwargs)
           ^^^^^^^^^^^^^^^^^^^^^^^^^^^^^
  File "C:\Users\User\Desktop\BirQadamFull-main\BirQadamDjango\venv\Lib\site-packages\django\views\decorators\csrf.py", line 65, in _view_wrapper
    return view_func(request, *args, **kwargs)
           ^^^^^^^^^^^^^^^^^^^^^^^^^^^^^^^^^^^
  File "C:\Users\User\Desktop\BirQadamFull-main\BirQadamDjango\venv\Lib\site-packages\rest_framework\views.py", line 515, in dispatch
    response = self.handle_exception(exc)
               ^^^^^^^^^^^^^^^^^^^^^^^^^^
  File "C:\Users\User\Desktop\BirQadamFull-main\BirQadamDjango\venv\Lib\site-packages\rest_framework\views.py", line 475, in handle_exception
    self.raise_uncaught_exception(exc)
  File "C:\Users\User\Desktop\BirQadamFull-main\BirQadamDjango\venv\Lib\site-packages\rest_framework\views.py", line 486, in raise_uncaught_exception
    raise exc
  File "C:\Users\User\Desktop\BirQadamFull-main\BirQadamDjango\venv\Lib\site-packages\rest_framework\views.py", line 512, in dispatch
    response = handler(request, *args, **kwargs)
               ^^^^^^^^^^^^^^^^^^^^^^^^^^^^^^^^^
  File "C:\Users\User\Desktop\BirQadamFull-main\BirQadamDjango\api\api\web_portal.py", line 662, in get
    data = serializer.data
           ^^^^^^^^^^^^^^^
  File "C:\Users\User\Desktop\BirQadamFull-main\BirQadamDjango\venv\Lib\site-packages\rest_framework\serializers.py", line 573, in data
    ret = super().data
          ^^^^^^^^^^^^
  File "C:\Users\User\Desktop\BirQadamFull-main\BirQadamDjango\venv\Lib\site-packages\rest_framework\serializers.py", line 251, in data
    self._data = self.to_representation(self.instance)
                 ^^^^^^^^^^^^^^^^^^^^^^^^^^^^^^^^^^^^^
  File "C:\Users\User\Desktop\BirQadamFull-main\BirQadamDjango\venv\Lib\site-packages\rest_framework\serializers.py", line 525, in to_representation
    for field in fields:
  File "C:\Users\User\Desktop\BirQadamFull-main\BirQadamDjango\venv\Lib\site-packages\rest_framework\serializers.py", line 386, in _readable_fields
    for field in self.fields.values():
                 ^^^^^^^^^^^
  File "C:\Users\User\Desktop\BirQadamFull-main\BirQadamDjango\venv\Lib\site-packages\django\utils\functional.py", line 47, in __get__
    res = instance.__dict__[self.name] = self.func(instance)
                                         ^^^^^^^^^^^^^^^^^^^
  File "C:\Users\User\Desktop\BirQadamFull-main\BirQadamDjango\venv\Lib\site-packages\rest_framework\serializers.py", line 374, in fields
    for key, value in self.get_fields().items():
                      ^^^^^^^^^^^^^^^^^
  File "C:\Users\User\Desktop\BirQadamFull-main\BirQadamDjango\venv\Lib\site-packages\rest_framework\serializers.py", line 1105, in get_fields
    field_class, field_kwargs = self.build_field(
                                ^^^^^^^^^^^^^^^^^
  File "C:\Users\User\Desktop\BirQadamFull-main\BirQadamDjango\venv\Lib\site-packages\rest_framework\serializers.py", line 1251, in build_field
    return self.build_unknown_field(field_name, model_class)
           ^^^^^^^^^^^^^^^^^^^^^^^^^^^^^^^^^^^^^^^^^^^^^^^^^
  File "C:\Users\User\Desktop\BirQadamFull-main\BirQadamDjango\venv\Lib\site-packages\rest_framework\serializers.py", line 1369, in build_unknown_field
    raise ImproperlyConfigured(
django.core.exceptions.ImproperlyConfigured: Field name `active_projects` is not valid for model `User` in `api.serializers.web_portal.VolunteerProfileSerializer`.
ERROR 2026-03-26 01:47:36,014 basehttp 15772 16224 "GET /api/web/volunteer/profile/ HTTP/1.1" 500 20378
ERROR 2026-03-26 01:47:40,857 log 15772 16224 Internal Server Error: /api/web/volunteer/profile/
Traceback (most recent call last):
  File "C:\Users\User\Desktop\BirQadamFull-main\BirQadamDjango\venv\Lib\site-packages\django\core\handlers\exception.py", line 55, in inner
    response = get_response(request)
               ^^^^^^^^^^^^^^^^^^^^^
  File "C:\Users\User\Desktop\BirQadamFull-main\BirQadamDjango\venv\Lib\site-packages\django\core\handlers\base.py", line 197, in _get_response
    response = wrapped_callback(request, *callback_args, **callback_kwargs)
               ^^^^^^^^^^^^^^^^^^^^^^^^^^^^^^^^^^^^^^^^^^^^^^^^^^^^^^^^^^^^
  File "C:\Users\User\Desktop\BirQadamFull-main\BirQadamDjango\venv\Lib\site-packages\django\views\decorators\csrf.py", line 65, in _view_wrapper
    return view_func(request, *args, **kwargs)
           ^^^^^^^^^^^^^^^^^^^^^^^^^^^^^^^^^^^
  File "C:\Users\User\Desktop\BirQadamFull-main\BirQadamDjango\venv\Lib\site-packages\django\views\generic\base.py", line 104, in view
    return self.dispatch(request, *args, **kwargs)
           ^^^^^^^^^^^^^^^^^^^^^^^^^^^^^^^^^^^^^^^
  File "C:\Users\User\Desktop\BirQadamFull-main\BirQadamDjango\venv\Lib\site-packages\django\utils\decorators.py", line 48, in _wrapper
    return bound_method(*args, **kwargs)
           ^^^^^^^^^^^^^^^^^^^^^^^^^^^^^
  File "C:\Users\User\Desktop\BirQadamFull-main\BirQadamDjango\venv\Lib\site-packages\django\views\decorators\csrf.py", line 65, in _view_wrapper
    return view_func(request, *args, **kwargs)
           ^^^^^^^^^^^^^^^^^^^^^^^^^^^^^^^^^^^
  File "C:\Users\User\Desktop\BirQadamFull-main\BirQadamDjango\venv\Lib\site-packages\rest_framework\views.py", line 515, in dispatch
    response = self.handle_exception(exc)
               ^^^^^^^^^^^^^^^^^^^^^^^^^^
  File "C:\Users\User\Desktop\BirQadamFull-main\BirQadamDjango\venv\Lib\site-packages\rest_framework\views.py", line 475, in handle_exception
    self.raise_uncaught_exception(exc)
  File "C:\Users\User\Desktop\BirQadamFull-main\BirQadamDjango\venv\Lib\site-packages\rest_framework\views.py", line 486, in raise_uncaught_exception
    raise exc
  File "C:\Users\User\Desktop\BirQadamFull-main\BirQadamDjango\venv\Lib\site-packages\rest_framework\views.py", line 512, in dispatch
    response = handler(request, *args, **kwargs)
               ^^^^^^^^^^^^^^^^^^^^^^^^^^^^^^^^^
  File "C:\Users\User\Desktop\BirQadamFull-main\BirQadamDjango\api\api\web_portal.py", line 662, in get
    data = serializer.data
           ^^^^^^^^^^^^^^^
  File "C:\Users\User\Desktop\BirQadamFull-main\BirQadamDjango\venv\Lib\site-packages\rest_framework\serializers.py", line 573, in data
    ret = super().data
          ^^^^^^^^^^^^
  File "C:\Users\User\Desktop\BirQadamFull-main\BirQadamDjango\venv\Lib\site-packages\rest_framework\serializers.py", line 251, in data
    self._data = self.to_representation(self.instance)
                 ^^^^^^^^^^^^^^^^^^^^^^^^^^^^^^^^^^^^^
  File "C:\Users\User\Desktop\BirQadamFull-main\BirQadamDjango\venv\Lib\site-packages\rest_framework\serializers.py", line 525, in to_representation
    for field in fields:
  File "C:\Users\User\Desktop\BirQadamFull-main\BirQadamDjango\venv\Lib\site-packages\rest_framework\serializers.py", line 386, in _readable_fields
    for field in self.fields.values():
                 ^^^^^^^^^^^
  File "C:\Users\User\Desktop\BirQadamFull-main\BirQadamDjango\venv\Lib\site-packages\django\utils\functional.py", line 47, in __get__
    res = instance.__dict__[self.name] = self.func(instance)
                                         ^^^^^^^^^^^^^^^^^^^
  File "C:\Users\User\Desktop\BirQadamFull-main\BirQadamDjango\venv\Lib\site-packages\rest_framework\serializers.py", line 374, in fields
    for key, value in self.get_fields().items():
                      ^^^^^^^^^^^^^^^^^
  File "C:\Users\User\Desktop\BirQadamFull-main\BirQadamDjango\venv\Lib\site-packages\rest_framework\serializers.py", line 1105, in get_fields
    field_class, field_kwargs = self.build_field(
                                ^^^^^^^^^^^^^^^^^
  File "C:\Users\User\Desktop\BirQadamFull-main\BirQadamDjango\venv\Lib\site-packages\rest_framework\serializers.py", line 1251, in build_field
    return self.build_unknown_field(field_name, model_class)
           ^^^^^^^^^^^^^^^^^^^^^^^^^^^^^^^^^^^^^^^^^^^^^^^^^
  File "C:\Users\User\Desktop\BirQadamFull-main\BirQadamDjango\venv\Lib\site-packages\rest_framework\serializers.py", line 1369, in build_unknown_field
    raise ImproperlyConfigured(
django.core.exceptions.ImproperlyConfigured: Field name `active_projects` is not valid for model `User` in `api.serializers.web_portal.VolunteerProfileSerializer`.
ERROR 2026-03-26 01:47:40,860 basehttp 15772 16224 "GET /api/web/volunteer/profile/ HTTP/1.1" 500 20424
ERROR 2026-03-26 01:47:47,020 log 15772 16224 Internal Server Error: /api/web/volunteer/profile/
Traceback (most recent call last):
  File "C:\Users\User\Desktop\BirQadamFull-main\BirQadamDjango\venv\Lib\site-packages\django\core\handlers\exception.py", line 55, in inner
    response = get_response(request)
               ^^^^^^^^^^^^^^^^^^^^^
  File "C:\Users\User\Desktop\BirQadamFull-main\BirQadamDjango\venv\Lib\site-packages\django\core\handlers\base.py", line 197, in _get_response
    response = wrapped_callback(request, *callback_args, **callback_kwargs)
               ^^^^^^^^^^^^^^^^^^^^^^^^^^^^^^^^^^^^^^^^^^^^^^^^^^^^^^^^^^^^
  File "C:\Users\User\Desktop\BirQadamFull-main\BirQadamDjango\venv\Lib\site-packages\django\views\decorators\csrf.py", line 65, in _view_wrapper
    return view_func(request, *args, **kwargs)
           ^^^^^^^^^^^^^^^^^^^^^^^^^^^^^^^^^^^
  File "C:\Users\User\Desktop\BirQadamFull-main\BirQadamDjango\venv\Lib\site-packages\django\views\generic\base.py", line 104, in view
    return self.dispatch(request, *args, **kwargs)
           ^^^^^^^^^^^^^^^^^^^^^^^^^^^^^^^^^^^^^^^
  File "C:\Users\User\Desktop\BirQadamFull-main\BirQadamDjango\venv\Lib\site-packages\django\utils\decorators.py", line 48, in _wrapper
    return bound_method(*args, **kwargs)
           ^^^^^^^^^^^^^^^^^^^^^^^^^^^^^
  File "C:\Users\User\Desktop\BirQadamFull-main\BirQadamDjango\venv\Lib\site-packages\django\views\decorators\csrf.py", line 65, in _view_wrapper
    return view_func(request, *args, **kwargs)
           ^^^^^^^^^^^^^^^^^^^^^^^^^^^^^^^^^^^
  File "C:\Users\User\Desktop\BirQadamFull-main\BirQadamDjango\venv\Lib\site-packages\rest_framework\views.py", line 515, in dispatch
    response = self.handle_exception(exc)
               ^^^^^^^^^^^^^^^^^^^^^^^^^^
  File "C:\Users\User\Desktop\BirQadamFull-main\BirQadamDjango\venv\Lib\site-packages\rest_framework\views.py", line 475, in handle_exception
    self.raise_uncaught_exception(exc)
  File "C:\Users\User\Desktop\BirQadamFull-main\BirQadamDjango\venv\Lib\site-packages\rest_framework\views.py", line 486, in raise_uncaught_exception
    raise exc
  File "C:\Users\User\Desktop\BirQadamFull-main\BirQadamDjango\venv\Lib\site-packages\rest_framework\views.py", line 512, in dispatch
    response = handler(request, *args, **kwargs)
               ^^^^^^^^^^^^^^^^^^^^^^^^^^^^^^^^^
  File "C:\Users\User\Desktop\BirQadamFull-main\BirQadamDjango\api\api\web_portal.py", line 662, in get
    data = serializer.data
           ^^^^^^^^^^^^^^^
  File "C:\Users\User\Desktop\BirQadamFull-main\BirQadamDjango\venv\Lib\site-packages\rest_framework\serializers.py", line 573, in data
    ret = super().data
          ^^^^^^^^^^^^
  File "C:\Users\User\Desktop\BirQadamFull-main\BirQadamDjango\venv\Lib\site-packages\rest_framework\serializers.py", line 251, in data
    self._data = self.to_representation(self.instance)
                 ^^^^^^^^^^^^^^^^^^^^^^^^^^^^^^^^^^^^^
  File "C:\Users\User\Desktop\BirQadamFull-main\BirQadamDjango\venv\Lib\site-packages\rest_framework\serializers.py", line 525, in to_representation
    for field in fields:
  File "C:\Users\User\Desktop\BirQadamFull-main\BirQadamDjango\venv\Lib\site-packages\rest_framework\serializers.py", line 386, in _readable_fields
    for field in self.fields.values():
                 ^^^^^^^^^^^
  File "C:\Users\User\Desktop\BirQadamFull-main\BirQadamDjango\venv\Lib\site-packages\django\utils\functional.py", line 47, in __get__
    res = instance.__dict__[self.name] = self.func(instance)
                                         ^^^^^^^^^^^^^^^^^^^
  File "C:\Users\User\Desktop\BirQadamFull-main\BirQadamDjango\venv\Lib\site-packages\rest_framework\serializers.py", line 374, in fields
    for key, value in self.get_fields().items():
                      ^^^^^^^^^^^^^^^^^
  File "C:\Users\User\Desktop\BirQadamFull-main\BirQadamDjango\venv\Lib\site-packages\rest_framework\serializers.py", line 1105, in get_fields
    field_class, field_kwargs = self.build_field(
                                ^^^^^^^^^^^^^^^^^
  File "C:\Users\User\Desktop\BirQadamFull-main\BirQadamDjango\venv\Lib\site-packages\rest_framework\serializers.py", line 1251, in build_field
    return self.build_unknown_field(field_name, model_class)
           ^^^^^^^^^^^^^^^^^^^^^^^^^^^^^^^^^^^^^^^^^^^^^^^^^
  File "C:\Users\User\Desktop\BirQadamFull-main\BirQadamDjango\venv\Lib\site-packages\rest_framework\serializers.py", line 1369, in build_unknown_field
    raise ImproperlyConfigured(
django.core.exceptions.ImproperlyConfigured: Field name `active_projects` is not valid for model `User` in `api.serializers.web_portal.VolunteerProfileSerializer`.
ERROR 2026-03-26 01:47:47,024 basehttp 15772 16224 "GET /api/web/volunteer/profile/ HTTP/1.1" 500 20380
ERROR 2026-03-26 01:47:52,433 log 15772 16224 Internal Server Error: /api/web/volunteer/profile/
Traceback (most recent call last):
  File "C:\Users\User\Desktop\BirQadamFull-main\BirQadamDjango\venv\Lib\site-packages\django\core\handlers\exception.py", line 55, in inner
    response = get_response(request)
               ^^^^^^^^^^^^^^^^^^^^^
  File "C:\Users\User\Desktop\BirQadamFull-main\BirQadamDjango\venv\Lib\site-packages\django\core\handlers\base.py", line 197, in _get_response
    response = wrapped_callback(request, *callback_args, **callback_kwargs)
               ^^^^^^^^^^^^^^^^^^^^^^^^^^^^^^^^^^^^^^^^^^^^^^^^^^^^^^^^^^^^
  File "C:\Users\User\Desktop\BirQadamFull-main\BirQadamDjango\venv\Lib\site-packages\django\views\decorators\csrf.py", line 65, in _view_wrapper
    return view_func(request, *args, **kwargs)
           ^^^^^^^^^^^^^^^^^^^^^^^^^^^^^^^^^^^
  File "C:\Users\User\Desktop\BirQadamFull-main\BirQadamDjango\venv\Lib\site-packages\django\views\generic\base.py", line 104, in view
    return self.dispatch(request, *args, **kwargs)
           ^^^^^^^^^^^^^^^^^^^^^^^^^^^^^^^^^^^^^^^
  File "C:\Users\User\Desktop\BirQadamFull-main\BirQadamDjango\venv\Lib\site-packages\django\utils\decorators.py", line 48, in _wrapper
    return bound_method(*args, **kwargs)
           ^^^^^^^^^^^^^^^^^^^^^^^^^^^^^
  File "C:\Users\User\Desktop\BirQadamFull-main\BirQadamDjango\venv\Lib\site-packages\django\views\decorators\csrf.py", line 65, in _view_wrapper
    return view_func(request, *args, **kwargs)
           ^^^^^^^^^^^^^^^^^^^^^^^^^^^^^^^^^^^
  File "C:\Users\User\Desktop\BirQadamFull-main\BirQadamDjango\venv\Lib\site-packages\rest_framework\views.py", line 515, in dispatch
    response = self.handle_exception(exc)
               ^^^^^^^^^^^^^^^^^^^^^^^^^^
  File "C:\Users\User\Desktop\BirQadamFull-main\BirQadamDjango\venv\Lib\site-packages\rest_framework\views.py", line 475, in handle_exception
    self.raise_uncaught_exception(exc)
  File "C:\Users\User\Desktop\BirQadamFull-main\BirQadamDjango\venv\Lib\site-packages\rest_framework\views.py", line 486, in raise_uncaught_exception
    raise exc
  File "C:\Users\User\Desktop\BirQadamFull-main\BirQadamDjango\venv\Lib\site-packages\rest_framework\views.py", line 512, in dispatch
    response = handler(request, *args, **kwargs)
               ^^^^^^^^^^^^^^^^^^^^^^^^^^^^^^^^^
  File "C:\Users\User\Desktop\BirQadamFull-main\BirQadamDjango\api\api\web_portal.py", line 662, in get
    data = serializer.data
           ^^^^^^^^^^^^^^^
  File "C:\Users\User\Desktop\BirQadamFull-main\BirQadamDjango\venv\Lib\site-packages\rest_framework\serializers.py", line 573, in data
    ret = super().data
          ^^^^^^^^^^^^
  File "C:\Users\User\Desktop\BirQadamFull-main\BirQadamDjango\venv\Lib\site-packages\rest_framework\serializers.py", line 251, in data
    self._data = self.to_representation(self.instance)
                 ^^^^^^^^^^^^^^^^^^^^^^^^^^^^^^^^^^^^^
  File "C:\Users\User\Desktop\BirQadamFull-main\BirQadamDjango\venv\Lib\site-packages\rest_framework\serializers.py", line 525, in to_representation
    for field in fields:
  File "C:\Users\User\Desktop\BirQadamFull-main\BirQadamDjango\venv\Lib\site-packages\rest_framework\serializers.py", line 386, in _readable_fields
    for field in self.fields.values():
                 ^^^^^^^^^^^
  File "C:\Users\User\Desktop\BirQadamFull-main\BirQadamDjango\venv\Lib\site-packages\django\utils\functional.py", line 47, in __get__
    res = instance.__dict__[self.name] = self.func(instance)
                                         ^^^^^^^^^^^^^^^^^^^
  File "C:\Users\User\Desktop\BirQadamFull-main\BirQadamDjango\venv\Lib\site-packages\rest_framework\serializers.py", line 374, in fields
    for key, value in self.get_fields().items():
                      ^^^^^^^^^^^^^^^^^
  File "C:\Users\User\Desktop\BirQadamFull-main\BirQadamDjango\venv\Lib\site-packages\rest_framework\serializers.py", line 1105, in get_fields
    field_class, field_kwargs = self.build_field(
                                ^^^^^^^^^^^^^^^^^
  File "C:\Users\User\Desktop\BirQadamFull-main\BirQadamDjango\venv\Lib\site-packages\rest_framework\serializers.py", line 1251, in build_field
    return self.build_unknown_field(field_name, model_class)
           ^^^^^^^^^^^^^^^^^^^^^^^^^^^^^^^^^^^^^^^^^^^^^^^^^
  File "C:\Users\User\Desktop\BirQadamFull-main\BirQadamDjango\venv\Lib\site-packages\rest_framework\serializers.py", line 1369, in build_unknown_field
    raise ImproperlyConfigured(
django.core.exceptions.ImproperlyConfigured: Field name `active_projects` is not valid for model `User` in `api.serializers.web_portal.VolunteerProfileSerializer`.
ERROR 2026-03-26 01:47:52,437 basehttp 15772 16224 "GET /api/web/volunteer/profile/ HTTP/1.1" 500 20379
ERROR 2026-03-26 01:48:43,931 log 15772 26456 Internal Server Error: /api/web/volunteer/profile/
Traceback (most recent call last):
  File "C:\Users\User\Desktop\BirQadamFull-main\BirQadamDjango\venv\Lib\site-packages\django\core\handlers\exception.py", line 55, in inner
    response = get_response(request)
               ^^^^^^^^^^^^^^^^^^^^^
  File "C:\Users\User\Desktop\BirQadamFull-main\BirQadamDjango\venv\Lib\site-packages\django\core\handlers\base.py", line 197, in _get_response
    response = wrapped_callback(request, *callback_args, **callback_kwargs)
               ^^^^^^^^^^^^^^^^^^^^^^^^^^^^^^^^^^^^^^^^^^^^^^^^^^^^^^^^^^^^
  File "C:\Users\User\Desktop\BirQadamFull-main\BirQadamDjango\venv\Lib\site-packages\django\views\decorators\csrf.py", line 65, in _view_wrapper
    return view_func(request, *args, **kwargs)
           ^^^^^^^^^^^^^^^^^^^^^^^^^^^^^^^^^^^
  File "C:\Users\User\Desktop\BirQadamFull-main\BirQadamDjango\venv\Lib\site-packages\django\views\generic\base.py", line 104, in view
    return self.dispatch(request, *args, **kwargs)
           ^^^^^^^^^^^^^^^^^^^^^^^^^^^^^^^^^^^^^^^
  File "C:\Users\User\Desktop\BirQadamFull-main\BirQadamDjango\venv\Lib\site-packages\django\utils\decorators.py", line 48, in _wrapper
    return bound_method(*args, **kwargs)
           ^^^^^^^^^^^^^^^^^^^^^^^^^^^^^
  File "C:\Users\User\Desktop\BirQadamFull-main\BirQadamDjango\venv\Lib\site-packages\django\views\decorators\csrf.py", line 65, in _view_wrapper
    return view_func(request, *args, **kwargs)
           ^^^^^^^^^^^^^^^^^^^^^^^^^^^^^^^^^^^
  File "C:\Users\User\Desktop\BirQadamFull-main\BirQadamDjango\venv\Lib\site-packages\rest_framework\views.py", line 515, in dispatch
    response = self.handle_exception(exc)
               ^^^^^^^^^^^^^^^^^^^^^^^^^^
  File "C:\Users\User\Desktop\BirQadamFull-main\BirQadamDjango\venv\Lib\site-packages\rest_framework\views.py", line 475, in handle_exception
    self.raise_uncaught_exception(exc)
  File "C:\Users\User\Desktop\BirQadamFull-main\BirQadamDjango\venv\Lib\site-packages\rest_framework\views.py", line 486, in raise_uncaught_exception
    raise exc
  File "C:\Users\User\Desktop\BirQadamFull-main\BirQadamDjango\venv\Lib\site-packages\rest_framework\views.py", line 512, in dispatch
    response = handler(request, *args, **kwargs)
               ^^^^^^^^^^^^^^^^^^^^^^^^^^^^^^^^^
  File "C:\Users\User\Desktop\BirQadamFull-main\BirQadamDjango\api\api\web_portal.py", line 662, in get
    data = serializer.data
           ^^^^^^^^^^^^^^^
  File "C:\Users\User\Desktop\BirQadamFull-main\BirQadamDjango\venv\Lib\site-packages\rest_framework\serializers.py", line 573, in data
    ret = super().data
          ^^^^^^^^^^^^
  File "C:\Users\User\Desktop\BirQadamFull-main\BirQadamDjango\venv\Lib\site-packages\rest_framework\serializers.py", line 251, in data
    self._data = self.to_representation(self.instance)
                 ^^^^^^^^^^^^^^^^^^^^^^^^^^^^^^^^^^^^^
  File "C:\Users\User\Desktop\BirQadamFull-main\BirQadamDjango\venv\Lib\site-packages\rest_framework\serializers.py", line 525, in to_representation
    for field in fields:
  File "C:\Users\User\Desktop\BirQadamFull-main\BirQadamDjango\venv\Lib\site-packages\rest_framework\serializers.py", line 386, in _readable_fields
    for field in self.fields.values():
                 ^^^^^^^^^^^
  File "C:\Users\User\Desktop\BirQadamFull-main\BirQadamDjango\venv\Lib\site-packages\django\utils\functional.py", line 47, in __get__
    res = instance.__dict__[self.name] = self.func(instance)
                                         ^^^^^^^^^^^^^^^^^^^
  File "C:\Users\User\Desktop\BirQadamFull-main\BirQadamDjango\venv\Lib\site-packages\rest_framework\serializers.py", line 374, in fields
    for key, value in self.get_fields().items():
                      ^^^^^^^^^^^^^^^^^
  File "C:\Users\User\Desktop\BirQadamFull-main\BirQadamDjango\venv\Lib\site-packages\rest_framework\serializers.py", line 1105, in get_fields
    field_class, field_kwargs = self.build_field(
                                ^^^^^^^^^^^^^^^^^
  File "C:\Users\User\Desktop\BirQadamFull-main\BirQadamDjango\venv\Lib\site-packages\rest_framework\serializers.py", line 1251, in build_field
    return self.build_unknown_field(field_name, model_class)
           ^^^^^^^^^^^^^^^^^^^^^^^^^^^^^^^^^^^^^^^^^^^^^^^^^
  File "C:\Users\User\Desktop\BirQadamFull-main\BirQadamDjango\venv\Lib\site-packages\rest_framework\serializers.py", line 1369, in build_unknown_field
    raise ImproperlyConfigured(
django.core.exceptions.ImproperlyConfigured: Field name `active_projects` is not valid for model `User` in `api.serializers.web_portal.VolunteerProfileSerializer`.
ERROR 2026-03-26 01:48:43,935 basehttp 15772 26456 "GET /api/web/volunteer/profile/ HTTP/1.1" 500 20407
ERROR 2026-03-26 01:48:47,008 log 15772 26456 Internal Server Error: /api/web/volunteer/profile/
Traceback (most recent call last):
  File "C:\Users\User\Desktop\BirQadamFull-main\BirQadamDjango\venv\Lib\site-packages\django\core\handlers\exception.py", line 55, in inner
    response = get_response(request)
               ^^^^^^^^^^^^^^^^^^^^^
  File "C:\Users\User\Desktop\BirQadamFull-main\BirQadamDjango\venv\Lib\site-packages\django\core\handlers\base.py", line 197, in _get_response
    response = wrapped_callback(request, *callback_args, **callback_kwargs)
               ^^^^^^^^^^^^^^^^^^^^^^^^^^^^^^^^^^^^^^^^^^^^^^^^^^^^^^^^^^^^
  File "C:\Users\User\Desktop\BirQadamFull-main\BirQadamDjango\venv\Lib\site-packages\django\views\decorators\csrf.py", line 65, in _view_wrapper
    return view_func(request, *args, **kwargs)
           ^^^^^^^^^^^^^^^^^^^^^^^^^^^^^^^^^^^
  File "C:\Users\User\Desktop\BirQadamFull-main\BirQadamDjango\venv\Lib\site-packages\django\views\generic\base.py", line 104, in view
    return self.dispatch(request, *args, **kwargs)
           ^^^^^^^^^^^^^^^^^^^^^^^^^^^^^^^^^^^^^^^
  File "C:\Users\User\Desktop\BirQadamFull-main\BirQadamDjango\venv\Lib\site-packages\django\utils\decorators.py", line 48, in _wrapper
    return bound_method(*args, **kwargs)
           ^^^^^^^^^^^^^^^^^^^^^^^^^^^^^
  File "C:\Users\User\Desktop\BirQadamFull-main\BirQadamDjango\venv\Lib\site-packages\django\views\decorators\csrf.py", line 65, in _view_wrapper
    return view_func(request, *args, **kwargs)
           ^^^^^^^^^^^^^^^^^^^^^^^^^^^^^^^^^^^
  File "C:\Users\User\Desktop\BirQadamFull-main\BirQadamDjango\venv\Lib\site-packages\rest_framework\views.py", line 515, in dispatch
    response = self.handle_exception(exc)
               ^^^^^^^^^^^^^^^^^^^^^^^^^^
  File "C:\Users\User\Desktop\BirQadamFull-main\BirQadamDjango\venv\Lib\site-packages\rest_framework\views.py", line 475, in handle_exception
    self.raise_uncaught_exception(exc)
  File "C:\Users\User\Desktop\BirQadamFull-main\BirQadamDjango\venv\Lib\site-packages\rest_framework\views.py", line 486, in raise_uncaught_exception
    raise exc
  File "C:\Users\User\Desktop\BirQadamFull-main\BirQadamDjango\venv\Lib\site-packages\rest_framework\views.py", line 512, in dispatch
    response = handler(request, *args, **kwargs)
               ^^^^^^^^^^^^^^^^^^^^^^^^^^^^^^^^^
  File "C:\Users\User\Desktop\BirQadamFull-main\BirQadamDjango\api\api\web_portal.py", line 662, in get
    data = serializer.data
           ^^^^^^^^^^^^^^^
  File "C:\Users\User\Desktop\BirQadamFull-main\BirQadamDjango\venv\Lib\site-packages\rest_framework\serializers.py", line 573, in data
    ret = super().data
          ^^^^^^^^^^^^
  File "C:\Users\User\Desktop\BirQadamFull-main\BirQadamDjango\venv\Lib\site-packages\rest_framework\serializers.py", line 251, in data
    self._data = self.to_representation(self.instance)
                 ^^^^^^^^^^^^^^^^^^^^^^^^^^^^^^^^^^^^^
  File "C:\Users\User\Desktop\BirQadamFull-main\BirQadamDjango\venv\Lib\site-packages\rest_framework\serializers.py", line 525, in to_representation
    for field in fields:
  File "C:\Users\User\Desktop\BirQadamFull-main\BirQadamDjango\venv\Lib\site-packages\rest_framework\serializers.py", line 386, in _readable_fields
    for field in self.fields.values():
                 ^^^^^^^^^^^
  File "C:\Users\User\Desktop\BirQadamFull-main\BirQadamDjango\venv\Lib\site-packages\django\utils\functional.py", line 47, in __get__
    res = instance.__dict__[self.name] = self.func(instance)
                                         ^^^^^^^^^^^^^^^^^^^
  File "C:\Users\User\Desktop\BirQadamFull-main\BirQadamDjango\venv\Lib\site-packages\rest_framework\serializers.py", line 374, in fields
    for key, value in self.get_fields().items():
                      ^^^^^^^^^^^^^^^^^
  File "C:\Users\User\Desktop\BirQadamFull-main\BirQadamDjango\venv\Lib\site-packages\rest_framework\serializers.py", line 1105, in get_fields
    field_class, field_kwargs = self.build_field(
                                ^^^^^^^^^^^^^^^^^
  File "C:\Users\User\Desktop\BirQadamFull-main\BirQadamDjango\venv\Lib\site-packages\rest_framework\serializers.py", line 1251, in build_field
    return self.build_unknown_field(field_name, model_class)
           ^^^^^^^^^^^^^^^^^^^^^^^^^^^^^^^^^^^^^^^^^^^^^^^^^
  File "C:\Users\User\Desktop\BirQadamFull-main\BirQadamDjango\venv\Lib\site-packages\rest_framework\serializers.py", line 1369, in build_unknown_field
    raise ImproperlyConfigured(
django.core.exceptions.ImproperlyConfigured: Field name `active_projects` is not valid for model `User` in `api.serializers.web_portal.VolunteerProfileSerializer`.
ERROR 2026-03-26 01:48:47,010 basehttp 15772 26456 "GET /api/web/volunteer/profile/ HTTP/1.1" 500 20439
ERROR 2026-03-26 01:49:18,839 log 15772 22608 Internal Server Error: /api/web/volunteer/profile/
Traceback (most recent call last):
  File "C:\Users\User\Desktop\BirQadamFull-main\BirQadamDjango\venv\Lib\site-packages\django\core\handlers\exception.py", line 55, in inner
    response = get_response(request)
               ^^^^^^^^^^^^^^^^^^^^^
  File "C:\Users\User\Desktop\BirQadamFull-main\BirQadamDjango\venv\Lib\site-packages\django\core\handlers\base.py", line 197, in _get_response
    response = wrapped_callback(request, *callback_args, **callback_kwargs)
               ^^^^^^^^^^^^^^^^^^^^^^^^^^^^^^^^^^^^^^^^^^^^^^^^^^^^^^^^^^^^
  File "C:\Users\User\Desktop\BirQadamFull-main\BirQadamDjango\venv\Lib\site-packages\django\views\decorators\csrf.py", line 65, in _view_wrapper
    return view_func(request, *args, **kwargs)
           ^^^^^^^^^^^^^^^^^^^^^^^^^^^^^^^^^^^
  File "C:\Users\User\Desktop\BirQadamFull-main\BirQadamDjango\venv\Lib\site-packages\django\views\generic\base.py", line 104, in view
    return self.dispatch(request, *args, **kwargs)
           ^^^^^^^^^^^^^^^^^^^^^^^^^^^^^^^^^^^^^^^
  File "C:\Users\User\Desktop\BirQadamFull-main\BirQadamDjango\venv\Lib\site-packages\django\utils\decorators.py", line 48, in _wrapper
    return bound_method(*args, **kwargs)
           ^^^^^^^^^^^^^^^^^^^^^^^^^^^^^
  File "C:\Users\User\Desktop\BirQadamFull-main\BirQadamDjango\venv\Lib\site-packages\django\views\decorators\csrf.py", line 65, in _view_wrapper
    return view_func(request, *args, **kwargs)
           ^^^^^^^^^^^^^^^^^^^^^^^^^^^^^^^^^^^
  File "C:\Users\User\Desktop\BirQadamFull-main\BirQadamDjango\venv\Lib\site-packages\rest_framework\views.py", line 515, in dispatch
    response = self.handle_exception(exc)
               ^^^^^^^^^^^^^^^^^^^^^^^^^^
  File "C:\Users\User\Desktop\BirQadamFull-main\BirQadamDjango\venv\Lib\site-packages\rest_framework\views.py", line 475, in handle_exception
    self.raise_uncaught_exception(exc)
  File "C:\Users\User\Desktop\BirQadamFull-main\BirQadamDjango\venv\Lib\site-packages\rest_framework\views.py", line 486, in raise_uncaught_exception
    raise exc
  File "C:\Users\User\Desktop\BirQadamFull-main\BirQadamDjango\venv\Lib\site-packages\rest_framework\views.py", line 512, in dispatch
    response = handler(request, *args, **kwargs)
               ^^^^^^^^^^^^^^^^^^^^^^^^^^^^^^^^^
  File "C:\Users\User\Desktop\BirQadamFull-main\BirQadamDjango\api\api\web_portal.py", line 662, in get
    data = serializer.data
           ^^^^^^^^^^^^^^^
  File "C:\Users\User\Desktop\BirQadamFull-main\BirQadamDjango\venv\Lib\site-packages\rest_framework\serializers.py", line 573, in data
    ret = super().data
          ^^^^^^^^^^^^
  File "C:\Users\User\Desktop\BirQadamFull-main\BirQadamDjango\venv\Lib\site-packages\rest_framework\serializers.py", line 251, in data
    self._data = self.to_representation(self.instance)
                 ^^^^^^^^^^^^^^^^^^^^^^^^^^^^^^^^^^^^^
  File "C:\Users\User\Desktop\BirQadamFull-main\BirQadamDjango\venv\Lib\site-packages\rest_framework\serializers.py", line 525, in to_representation
    for field in fields:
  File "C:\Users\User\Desktop\BirQadamFull-main\BirQadamDjango\venv\Lib\site-packages\rest_framework\serializers.py", line 386, in _readable_fields
    for field in self.fields.values():
                 ^^^^^^^^^^^
  File "C:\Users\User\Desktop\BirQadamFull-main\BirQadamDjango\venv\Lib\site-packages\django\utils\functional.py", line 47, in __get__
    res = instance.__dict__[self.name] = self.func(instance)
                                         ^^^^^^^^^^^^^^^^^^^
  File "C:\Users\User\Desktop\BirQadamFull-main\BirQadamDjango\venv\Lib\site-packages\rest_framework\serializers.py", line 374, in fields
    for key, value in self.get_fields().items():
                      ^^^^^^^^^^^^^^^^^
  File "C:\Users\User\Desktop\BirQadamFull-main\BirQadamDjango\venv\Lib\site-packages\rest_framework\serializers.py", line 1105, in get_fields
    field_class, field_kwargs = self.build_field(
                                ^^^^^^^^^^^^^^^^^
  File "C:\Users\User\Desktop\BirQadamFull-main\BirQadamDjango\venv\Lib\site-packages\rest_framework\serializers.py", line 1251, in build_field
    return self.build_unknown_field(field_name, model_class)
           ^^^^^^^^^^^^^^^^^^^^^^^^^^^^^^^^^^^^^^^^^^^^^^^^^
  File "C:\Users\User\Desktop\BirQadamFull-main\BirQadamDjango\venv\Lib\site-packages\rest_framework\serializers.py", line 1369, in build_unknown_field
    raise ImproperlyConfigured(
django.core.exceptions.ImproperlyConfigured: Field name `active_projects` is not valid for model `User` in `api.serializers.web_portal.VolunteerProfileSerializer`.
ERROR 2026-03-26 01:49:18,844 basehttp 15772 22608 "GET /api/web/volunteer/profile/ HTTP/1.1" 500 20465
ERROR 2026-03-26 01:49:21,962 log 15772 22608 Internal Server Error: /api/web/volunteer/profile/
Traceback (most recent call last):
  File "C:\Users\User\Desktop\BirQadamFull-main\BirQadamDjango\venv\Lib\site-packages\django\core\handlers\exception.py", line 55, in inner
    response = get_response(request)
               ^^^^^^^^^^^^^^^^^^^^^
  File "C:\Users\User\Desktop\BirQadamFull-main\BirQadamDjango\venv\Lib\site-packages\django\core\handlers\base.py", line 197, in _get_response
    response = wrapped_callback(request, *callback_args, **callback_kwargs)
               ^^^^^^^^^^^^^^^^^^^^^^^^^^^^^^^^^^^^^^^^^^^^^^^^^^^^^^^^^^^^
  File "C:\Users\User\Desktop\BirQadamFull-main\BirQadamDjango\venv\Lib\site-packages\django\views\decorators\csrf.py", line 65, in _view_wrapper
    return view_func(request, *args, **kwargs)
           ^^^^^^^^^^^^^^^^^^^^^^^^^^^^^^^^^^^
  File "C:\Users\User\Desktop\BirQadamFull-main\BirQadamDjango\venv\Lib\site-packages\django\views\generic\base.py", line 104, in view
    return self.dispatch(request, *args, **kwargs)
           ^^^^^^^^^^^^^^^^^^^^^^^^^^^^^^^^^^^^^^^
  File "C:\Users\User\Desktop\BirQadamFull-main\BirQadamDjango\venv\Lib\site-packages\django\utils\decorators.py", line 48, in _wrapper
    return bound_method(*args, **kwargs)
           ^^^^^^^^^^^^^^^^^^^^^^^^^^^^^
  File "C:\Users\User\Desktop\BirQadamFull-main\BirQadamDjango\venv\Lib\site-packages\django\views\decorators\csrf.py", line 65, in _view_wrapper
    return view_func(request, *args, **kwargs)
           ^^^^^^^^^^^^^^^^^^^^^^^^^^^^^^^^^^^
  File "C:\Users\User\Desktop\BirQadamFull-main\BirQadamDjango\venv\Lib\site-packages\rest_framework\views.py", line 515, in dispatch
    response = self.handle_exception(exc)
               ^^^^^^^^^^^^^^^^^^^^^^^^^^
  File "C:\Users\User\Desktop\BirQadamFull-main\BirQadamDjango\venv\Lib\site-packages\rest_framework\views.py", line 475, in handle_exception
    self.raise_uncaught_exception(exc)
  File "C:\Users\User\Desktop\BirQadamFull-main\BirQadamDjango\venv\Lib\site-packages\rest_framework\views.py", line 486, in raise_uncaught_exception
    raise exc
  File "C:\Users\User\Desktop\BirQadamFull-main\BirQadamDjango\venv\Lib\site-packages\rest_framework\views.py", line 512, in dispatch
    response = handler(request, *args, **kwargs)
               ^^^^^^^^^^^^^^^^^^^^^^^^^^^^^^^^^
  File "C:\Users\User\Desktop\BirQadamFull-main\BirQadamDjango\api\api\web_portal.py", line 662, in get
    data = serializer.data
           ^^^^^^^^^^^^^^^
  File "C:\Users\User\Desktop\BirQadamFull-main\BirQadamDjango\venv\Lib\site-packages\rest_framework\serializers.py", line 573, in data
    ret = super().data
          ^^^^^^^^^^^^
  File "C:\Users\User\Desktop\BirQadamFull-main\BirQadamDjango\venv\Lib\site-packages\rest_framework\serializers.py", line 251, in data
    self._data = self.to_representation(self.instance)
                 ^^^^^^^^^^^^^^^^^^^^^^^^^^^^^^^^^^^^^
  File "C:\Users\User\Desktop\BirQadamFull-main\BirQadamDjango\venv\Lib\site-packages\rest_framework\serializers.py", line 525, in to_representation
    for field in fields:
  File "C:\Users\User\Desktop\BirQadamFull-main\BirQadamDjango\venv\Lib\site-packages\rest_framework\serializers.py", line 386, in _readable_fields
    for field in self.fields.values():
                 ^^^^^^^^^^^
  File "C:\Users\User\Desktop\BirQadamFull-main\BirQadamDjango\venv\Lib\site-packages\django\utils\functional.py", line 47, in __get__
    res = instance.__dict__[self.name] = self.func(instance)
                                         ^^^^^^^^^^^^^^^^^^^
  File "C:\Users\User\Desktop\BirQadamFull-main\BirQadamDjango\venv\Lib\site-packages\rest_framework\serializers.py", line 374, in fields
    for key, value in self.get_fields().items():
                      ^^^^^^^^^^^^^^^^^
  File "C:\Users\User\Desktop\BirQadamFull-main\BirQadamDjango\venv\Lib\site-packages\rest_framework\serializers.py", line 1105, in get_fields
    field_class, field_kwargs = self.build_field(
                                ^^^^^^^^^^^^^^^^^
  File "C:\Users\User\Desktop\BirQadamFull-main\BirQadamDjango\venv\Lib\site-packages\rest_framework\serializers.py", line 1251, in build_field
    return self.build_unknown_field(field_name, model_class)
           ^^^^^^^^^^^^^^^^^^^^^^^^^^^^^^^^^^^^^^^^^^^^^^^^^
  File "C:\Users\User\Desktop\BirQadamFull-main\BirQadamDjango\venv\Lib\site-packages\rest_framework\serializers.py", line 1369, in build_unknown_field
    raise ImproperlyConfigured(
django.core.exceptions.ImproperlyConfigured: Field name `active_projects` is not valid for model `User` in `api.serializers.web_portal.VolunteerProfileSerializer`.
ERROR 2026-03-26 01:49:21,969 basehttp 15772 22608 "GET /api/web/volunteer/profile/ HTTP/1.1" 500 20465
ERROR 2026-03-26 01:49:24,433 log 15772 22608 Internal Server Error: /api/web/volunteer/profile/
Traceback (most recent call last):
  File "C:\Users\User\Desktop\BirQadamFull-main\BirQadamDjango\venv\Lib\site-packages\django\core\handlers\exception.py", line 55, in inner
    response = get_response(request)
               ^^^^^^^^^^^^^^^^^^^^^
  File "C:\Users\User\Desktop\BirQadamFull-main\BirQadamDjango\venv\Lib\site-packages\django\core\handlers\base.py", line 197, in _get_response
    response = wrapped_callback(request, *callback_args, **callback_kwargs)
               ^^^^^^^^^^^^^^^^^^^^^^^^^^^^^^^^^^^^^^^^^^^^^^^^^^^^^^^^^^^^
  File "C:\Users\User\Desktop\BirQadamFull-main\BirQadamDjango\venv\Lib\site-packages\django\views\decorators\csrf.py", line 65, in _view_wrapper
    return view_func(request, *args, **kwargs)
           ^^^^^^^^^^^^^^^^^^^^^^^^^^^^^^^^^^^
  File "C:\Users\User\Desktop\BirQadamFull-main\BirQadamDjango\venv\Lib\site-packages\django\views\generic\base.py", line 104, in view
    return self.dispatch(request, *args, **kwargs)
           ^^^^^^^^^^^^^^^^^^^^^^^^^^^^^^^^^^^^^^^
  File "C:\Users\User\Desktop\BirQadamFull-main\BirQadamDjango\venv\Lib\site-packages\django\utils\decorators.py", line 48, in _wrapper
    return bound_method(*args, **kwargs)
           ^^^^^^^^^^^^^^^^^^^^^^^^^^^^^
  File "C:\Users\User\Desktop\BirQadamFull-main\BirQadamDjango\venv\Lib\site-packages\django\views\decorators\csrf.py", line 65, in _view_wrapper
    return view_func(request, *args, **kwargs)
           ^^^^^^^^^^^^^^^^^^^^^^^^^^^^^^^^^^^
  File "C:\Users\User\Desktop\BirQadamFull-main\BirQadamDjango\venv\Lib\site-packages\rest_framework\views.py", line 515, in dispatch
    response = self.handle_exception(exc)
               ^^^^^^^^^^^^^^^^^^^^^^^^^^
  File "C:\Users\User\Desktop\BirQadamFull-main\BirQadamDjango\venv\Lib\site-packages\rest_framework\views.py", line 475, in handle_exception
    self.raise_uncaught_exception(exc)
  File "C:\Users\User\Desktop\BirQadamFull-main\BirQadamDjango\venv\Lib\site-packages\rest_framework\views.py", line 486, in raise_uncaught_exception
    raise exc
  File "C:\Users\User\Desktop\BirQadamFull-main\BirQadamDjango\venv\Lib\site-packages\rest_framework\views.py", line 512, in dispatch
    response = handler(request, *args, **kwargs)
               ^^^^^^^^^^^^^^^^^^^^^^^^^^^^^^^^^
  File "C:\Users\User\Desktop\BirQadamFull-main\BirQadamDjango\api\api\web_portal.py", line 662, in get
    data = serializer.data
           ^^^^^^^^^^^^^^^
  File "C:\Users\User\Desktop\BirQadamFull-main\BirQadamDjango\venv\Lib\site-packages\rest_framework\serializers.py", line 573, in data
    ret = super().data
          ^^^^^^^^^^^^
  File "C:\Users\User\Desktop\BirQadamFull-main\BirQadamDjango\venv\Lib\site-packages\rest_framework\serializers.py", line 251, in data
    self._data = self.to_representation(self.instance)
                 ^^^^^^^^^^^^^^^^^^^^^^^^^^^^^^^^^^^^^
  File "C:\Users\User\Desktop\BirQadamFull-main\BirQadamDjango\venv\Lib\site-packages\rest_framework\serializers.py", line 525, in to_representation
    for field in fields:
  File "C:\Users\User\Desktop\BirQadamFull-main\BirQadamDjango\venv\Lib\site-packages\rest_framework\serializers.py", line 386, in _readable_fields
    for field in self.fields.values():
                 ^^^^^^^^^^^
  File "C:\Users\User\Desktop\BirQadamFull-main\BirQadamDjango\venv\Lib\site-packages\django\utils\functional.py", line 47, in __get__
    res = instance.__dict__[self.name] = self.func(instance)
                                         ^^^^^^^^^^^^^^^^^^^
  File "C:\Users\User\Desktop\BirQadamFull-main\BirQadamDjango\venv\Lib\site-packages\rest_framework\serializers.py", line 374, in fields
    for key, value in self.get_fields().items():
                      ^^^^^^^^^^^^^^^^^
  File "C:\Users\User\Desktop\BirQadamFull-main\BirQadamDjango\venv\Lib\site-packages\rest_framework\serializers.py", line 1105, in get_fields
    field_class, field_kwargs = self.build_field(
                                ^^^^^^^^^^^^^^^^^
  File "C:\Users\User\Desktop\BirQadamFull-main\BirQadamDjango\venv\Lib\site-packages\rest_framework\serializers.py", line 1251, in build_field
    return self.build_unknown_field(field_name, model_class)
           ^^^^^^^^^^^^^^^^^^^^^^^^^^^^^^^^^^^^^^^^^^^^^^^^^
  File "C:\Users\User\Desktop\BirQadamFull-main\BirQadamDjango\venv\Lib\site-packages\rest_framework\serializers.py", line 1369, in build_unknown_field
    raise ImproperlyConfigured(
django.core.exceptions.ImproperlyConfigured: Field name `active_projects` is not valid for model `User` in `api.serializers.web_portal.VolunteerProfileSerializer`.
ERROR 2026-03-26 01:49:24,448 basehttp 15772 22608 "GET /api/web/volunteer/profile/ HTTP/1.1" 500 20402
ERROR 2026-03-26 01:50:34,815 log 15772 23876 Internal Server Error: /api/web/volunteer/profile/
Traceback (most recent call last):
  File "C:\Users\User\Desktop\BirQadamFull-main\BirQadamDjango\venv\Lib\site-packages\django\core\handlers\exception.py", line 55, in inner
    response = get_response(request)
               ^^^^^^^^^^^^^^^^^^^^^
  File "C:\Users\User\Desktop\BirQadamFull-main\BirQadamDjango\venv\Lib\site-packages\django\core\handlers\base.py", line 197, in _get_response
    response = wrapped_callback(request, *callback_args, **callback_kwargs)
               ^^^^^^^^^^^^^^^^^^^^^^^^^^^^^^^^^^^^^^^^^^^^^^^^^^^^^^^^^^^^
  File "C:\Users\User\Desktop\BirQadamFull-main\BirQadamDjango\venv\Lib\site-packages\django\views\decorators\csrf.py", line 65, in _view_wrapper
    return view_func(request, *args, **kwargs)
           ^^^^^^^^^^^^^^^^^^^^^^^^^^^^^^^^^^^
  File "C:\Users\User\Desktop\BirQadamFull-main\BirQadamDjango\venv\Lib\site-packages\django\views\generic\base.py", line 104, in view
    return self.dispatch(request, *args, **kwargs)
           ^^^^^^^^^^^^^^^^^^^^^^^^^^^^^^^^^^^^^^^
  File "C:\Users\User\Desktop\BirQadamFull-main\BirQadamDjango\venv\Lib\site-packages\django\utils\decorators.py", line 48, in _wrapper
    return bound_method(*args, **kwargs)
           ^^^^^^^^^^^^^^^^^^^^^^^^^^^^^
  File "C:\Users\User\Desktop\BirQadamFull-main\BirQadamDjango\venv\Lib\site-packages\django\views\decorators\csrf.py", line 65, in _view_wrapper
    return view_func(request, *args, **kwargs)
           ^^^^^^^^^^^^^^^^^^^^^^^^^^^^^^^^^^^
  File "C:\Users\User\Desktop\BirQadamFull-main\BirQadamDjango\venv\Lib\site-packages\rest_framework\views.py", line 515, in dispatch
    response = self.handle_exception(exc)
               ^^^^^^^^^^^^^^^^^^^^^^^^^^
  File "C:\Users\User\Desktop\BirQadamFull-main\BirQadamDjango\venv\Lib\site-packages\rest_framework\views.py", line 475, in handle_exception
    self.raise_uncaught_exception(exc)
  File "C:\Users\User\Desktop\BirQadamFull-main\BirQadamDjango\venv\Lib\site-packages\rest_framework\views.py", line 486, in raise_uncaught_exception
    raise exc
  File "C:\Users\User\Desktop\BirQadamFull-main\BirQadamDjango\venv\Lib\site-packages\rest_framework\views.py", line 512, in dispatch
    response = handler(request, *args, **kwargs)
               ^^^^^^^^^^^^^^^^^^^^^^^^^^^^^^^^^
  File "C:\Users\User\Desktop\BirQadamFull-main\BirQadamDjango\api\api\web_portal.py", line 662, in get
    data = serializer.data
           ^^^^^^^^^^^^^^^
  File "C:\Users\User\Desktop\BirQadamFull-main\BirQadamDjango\venv\Lib\site-packages\rest_framework\serializers.py", line 573, in data
    ret = super().data
          ^^^^^^^^^^^^
  File "C:\Users\User\Desktop\BirQadamFull-main\BirQadamDjango\venv\Lib\site-packages\rest_framework\serializers.py", line 251, in data
    self._data = self.to_representation(self.instance)
                 ^^^^^^^^^^^^^^^^^^^^^^^^^^^^^^^^^^^^^
  File "C:\Users\User\Desktop\BirQadamFull-main\BirQadamDjango\venv\Lib\site-packages\rest_framework\serializers.py", line 525, in to_representation
    for field in fields:
  File "C:\Users\User\Desktop\BirQadamFull-main\BirQadamDjango\venv\Lib\site-packages\rest_framework\serializers.py", line 386, in _readable_fields
    for field in self.fields.values():
                 ^^^^^^^^^^^
  File "C:\Users\User\Desktop\BirQadamFull-main\BirQadamDjango\venv\Lib\site-packages\django\utils\functional.py", line 47, in __get__
    res = instance.__dict__[self.name] = self.func(instance)
                                         ^^^^^^^^^^^^^^^^^^^
  File "C:\Users\User\Desktop\BirQadamFull-main\BirQadamDjango\venv\Lib\site-packages\rest_framework\serializers.py", line 374, in fields
    for key, value in self.get_fields().items():
                      ^^^^^^^^^^^^^^^^^
  File "C:\Users\User\Desktop\BirQadamFull-main\BirQadamDjango\venv\Lib\site-packages\rest_framework\serializers.py", line 1105, in get_fields
    field_class, field_kwargs = self.build_field(
                                ^^^^^^^^^^^^^^^^^
  File "C:\Users\User\Desktop\BirQadamFull-main\BirQadamDjango\venv\Lib\site-packages\rest_framework\serializers.py", line 1251, in build_field
    return self.build_unknown_field(field_name, model_class)
           ^^^^^^^^^^^^^^^^^^^^^^^^^^^^^^^^^^^^^^^^^^^^^^^^^
  File "C:\Users\User\Desktop\BirQadamFull-main\BirQadamDjango\venv\Lib\site-packages\rest_framework\serializers.py", line 1369, in build_unknown_field
    raise ImproperlyConfigured(
django.core.exceptions.ImproperlyConfigured: Field name `active_projects` is not valid for model `User` in `api.serializers.web_portal.VolunteerProfileSerializer`.
ERROR 2026-03-26 01:50:34,817 basehttp 15772 23876 "GET /api/web/volunteer/profile/ HTTP/1.1" 500 20392
ERROR 2026-03-26 01:51:10,188 log 15772 20756 Internal Server Error: /api/web/volunteer/profile/
Traceback (most recent call last):
  File "C:\Users\User\Desktop\BirQadamFull-main\BirQadamDjango\venv\Lib\site-packages\django\core\handlers\exception.py", line 55, in inner
    response = get_response(request)
               ^^^^^^^^^^^^^^^^^^^^^
  File "C:\Users\User\Desktop\BirQadamFull-main\BirQadamDjango\venv\Lib\site-packages\django\core\handlers\base.py", line 197, in _get_response
    response = wrapped_callback(request, *callback_args, **callback_kwargs)
               ^^^^^^^^^^^^^^^^^^^^^^^^^^^^^^^^^^^^^^^^^^^^^^^^^^^^^^^^^^^^
  File "C:\Users\User\Desktop\BirQadamFull-main\BirQadamDjango\venv\Lib\site-packages\django\views\decorators\csrf.py", line 65, in _view_wrapper
    return view_func(request, *args, **kwargs)
           ^^^^^^^^^^^^^^^^^^^^^^^^^^^^^^^^^^^
  File "C:\Users\User\Desktop\BirQadamFull-main\BirQadamDjango\venv\Lib\site-packages\django\views\generic\base.py", line 104, in view
    return self.dispatch(request, *args, **kwargs)
           ^^^^^^^^^^^^^^^^^^^^^^^^^^^^^^^^^^^^^^^
  File "C:\Users\User\Desktop\BirQadamFull-main\BirQadamDjango\venv\Lib\site-packages\django\utils\decorators.py", line 48, in _wrapper
    return bound_method(*args, **kwargs)
           ^^^^^^^^^^^^^^^^^^^^^^^^^^^^^
  File "C:\Users\User\Desktop\BirQadamFull-main\BirQadamDjango\venv\Lib\site-packages\django\views\decorators\csrf.py", line 65, in _view_wrapper
    return view_func(request, *args, **kwargs)
           ^^^^^^^^^^^^^^^^^^^^^^^^^^^^^^^^^^^
  File "C:\Users\User\Desktop\BirQadamFull-main\BirQadamDjango\venv\Lib\site-packages\rest_framework\views.py", line 515, in dispatch
    response = self.handle_exception(exc)
               ^^^^^^^^^^^^^^^^^^^^^^^^^^
  File "C:\Users\User\Desktop\BirQadamFull-main\BirQadamDjango\venv\Lib\site-packages\rest_framework\views.py", line 475, in handle_exception
    self.raise_uncaught_exception(exc)
  File "C:\Users\User\Desktop\BirQadamFull-main\BirQadamDjango\venv\Lib\site-packages\rest_framework\views.py", line 486, in raise_uncaught_exception
    raise exc
  File "C:\Users\User\Desktop\BirQadamFull-main\BirQadamDjango\venv\Lib\site-packages\rest_framework\views.py", line 512, in dispatch
    response = handler(request, *args, **kwargs)
               ^^^^^^^^^^^^^^^^^^^^^^^^^^^^^^^^^
  File "C:\Users\User\Desktop\BirQadamFull-main\BirQadamDjango\api\api\web_portal.py", line 662, in get
    data = serializer.data
           ^^^^^^^^^^^^^^^
  File "C:\Users\User\Desktop\BirQadamFull-main\BirQadamDjango\venv\Lib\site-packages\rest_framework\serializers.py", line 573, in data
    ret = super().data
          ^^^^^^^^^^^^
  File "C:\Users\User\Desktop\BirQadamFull-main\BirQadamDjango\venv\Lib\site-packages\rest_framework\serializers.py", line 251, in data
    self._data = self.to_representation(self.instance)
                 ^^^^^^^^^^^^^^^^^^^^^^^^^^^^^^^^^^^^^
  File "C:\Users\User\Desktop\BirQadamFull-main\BirQadamDjango\venv\Lib\site-packages\rest_framework\serializers.py", line 525, in to_representation
    for field in fields:
  File "C:\Users\User\Desktop\BirQadamFull-main\BirQadamDjango\venv\Lib\site-packages\rest_framework\serializers.py", line 386, in _readable_fields
    for field in self.fields.values():
                 ^^^^^^^^^^^
  File "C:\Users\User\Desktop\BirQadamFull-main\BirQadamDjango\venv\Lib\site-packages\django\utils\functional.py", line 47, in __get__
    res = instance.__dict__[self.name] = self.func(instance)
                                         ^^^^^^^^^^^^^^^^^^^
  File "C:\Users\User\Desktop\BirQadamFull-main\BirQadamDjango\venv\Lib\site-packages\rest_framework\serializers.py", line 374, in fields
    for key, value in self.get_fields().items():
                      ^^^^^^^^^^^^^^^^^
  File "C:\Users\User\Desktop\BirQadamFull-main\BirQadamDjango\venv\Lib\site-packages\rest_framework\serializers.py", line 1105, in get_fields
    field_class, field_kwargs = self.build_field(
                                ^^^^^^^^^^^^^^^^^
  File "C:\Users\User\Desktop\BirQadamFull-main\BirQadamDjango\venv\Lib\site-packages\rest_framework\serializers.py", line 1251, in build_field
    return self.build_unknown_field(field_name, model_class)
           ^^^^^^^^^^^^^^^^^^^^^^^^^^^^^^^^^^^^^^^^^^^^^^^^^
  File "C:\Users\User\Desktop\BirQadamFull-main\BirQadamDjango\venv\Lib\site-packages\rest_framework\serializers.py", line 1369, in build_unknown_field
    raise ImproperlyConfigured(
django.core.exceptions.ImproperlyConfigured: Field name `active_projects` is not valid for model `User` in `api.serializers.web_portal.VolunteerProfileSerializer`.
ERROR 2026-03-26 01:51:10,191 basehttp 15772 20756 "GET /api/web/volunteer/profile/ HTTP/1.1" 500 20400
ERROR 2026-03-26 01:51:16,510 log 15772 20756 Internal Server Error: /api/web/volunteer/profile/
Traceback (most recent call last):
  File "C:\Users\User\Desktop\BirQadamFull-main\BirQadamDjango\venv\Lib\site-packages\django\core\handlers\exception.py", line 55, in inner
    response = get_response(request)
               ^^^^^^^^^^^^^^^^^^^^^
  File "C:\Users\User\Desktop\BirQadamFull-main\BirQadamDjango\venv\Lib\site-packages\django\core\handlers\base.py", line 197, in _get_response
    response = wrapped_callback(request, *callback_args, **callback_kwargs)
               ^^^^^^^^^^^^^^^^^^^^^^^^^^^^^^^^^^^^^^^^^^^^^^^^^^^^^^^^^^^^
  File "C:\Users\User\Desktop\BirQadamFull-main\BirQadamDjango\venv\Lib\site-packages\django\views\decorators\csrf.py", line 65, in _view_wrapper
    return view_func(request, *args, **kwargs)
           ^^^^^^^^^^^^^^^^^^^^^^^^^^^^^^^^^^^
  File "C:\Users\User\Desktop\BirQadamFull-main\BirQadamDjango\venv\Lib\site-packages\django\views\generic\base.py", line 104, in view
    return self.dispatch(request, *args, **kwargs)
           ^^^^^^^^^^^^^^^^^^^^^^^^^^^^^^^^^^^^^^^
  File "C:\Users\User\Desktop\BirQadamFull-main\BirQadamDjango\venv\Lib\site-packages\django\utils\decorators.py", line 48, in _wrapper
    return bound_method(*args, **kwargs)
           ^^^^^^^^^^^^^^^^^^^^^^^^^^^^^
  File "C:\Users\User\Desktop\BirQadamFull-main\BirQadamDjango\venv\Lib\site-packages\django\views\decorators\csrf.py", line 65, in _view_wrapper
    return view_func(request, *args, **kwargs)
           ^^^^^^^^^^^^^^^^^^^^^^^^^^^^^^^^^^^
  File "C:\Users\User\Desktop\BirQadamFull-main\BirQadamDjango\venv\Lib\site-packages\rest_framework\views.py", line 515, in dispatch
    response = self.handle_exception(exc)
               ^^^^^^^^^^^^^^^^^^^^^^^^^^
  File "C:\Users\User\Desktop\BirQadamFull-main\BirQadamDjango\venv\Lib\site-packages\rest_framework\views.py", line 475, in handle_exception
    self.raise_uncaught_exception(exc)
  File "C:\Users\User\Desktop\BirQadamFull-main\BirQadamDjango\venv\Lib\site-packages\rest_framework\views.py", line 486, in raise_uncaught_exception
    raise exc
  File "C:\Users\User\Desktop\BirQadamFull-main\BirQadamDjango\venv\Lib\site-packages\rest_framework\views.py", line 512, in dispatch
    response = handler(request, *args, **kwargs)
               ^^^^^^^^^^^^^^^^^^^^^^^^^^^^^^^^^
  File "C:\Users\User\Desktop\BirQadamFull-main\BirQadamDjango\api\api\web_portal.py", line 662, in get
    data = serializer.data
           ^^^^^^^^^^^^^^^
  File "C:\Users\User\Desktop\BirQadamFull-main\BirQadamDjango\venv\Lib\site-packages\rest_framework\serializers.py", line 573, in data
    ret = super().data
          ^^^^^^^^^^^^
  File "C:\Users\User\Desktop\BirQadamFull-main\BirQadamDjango\venv\Lib\site-packages\rest_framework\serializers.py", line 251, in data
    self._data = self.to_representation(self.instance)
                 ^^^^^^^^^^^^^^^^^^^^^^^^^^^^^^^^^^^^^
  File "C:\Users\User\Desktop\BirQadamFull-main\BirQadamDjango\venv\Lib\site-packages\rest_framework\serializers.py", line 525, in to_representation
    for field in fields:
  File "C:\Users\User\Desktop\BirQadamFull-main\BirQadamDjango\venv\Lib\site-packages\rest_framework\serializers.py", line 386, in _readable_fields
    for field in self.fields.values():
                 ^^^^^^^^^^^
  File "C:\Users\User\Desktop\BirQadamFull-main\BirQadamDjango\venv\Lib\site-packages\django\utils\functional.py", line 47, in __get__
    res = instance.__dict__[self.name] = self.func(instance)
                                         ^^^^^^^^^^^^^^^^^^^
  File "C:\Users\User\Desktop\BirQadamFull-main\BirQadamDjango\venv\Lib\site-packages\rest_framework\serializers.py", line 374, in fields
    for key, value in self.get_fields().items():
                      ^^^^^^^^^^^^^^^^^
  File "C:\Users\User\Desktop\BirQadamFull-main\BirQadamDjango\venv\Lib\site-packages\rest_framework\serializers.py", line 1105, in get_fields
    field_class, field_kwargs = self.build_field(
                                ^^^^^^^^^^^^^^^^^
  File "C:\Users\User\Desktop\BirQadamFull-main\BirQadamDjango\venv\Lib\site-packages\rest_framework\serializers.py", line 1251, in build_field
    return self.build_unknown_field(field_name, model_class)
           ^^^^^^^^^^^^^^^^^^^^^^^^^^^^^^^^^^^^^^^^^^^^^^^^^
  File "C:\Users\User\Desktop\BirQadamFull-main\BirQadamDjango\venv\Lib\site-packages\rest_framework\serializers.py", line 1369, in build_unknown_field
    raise ImproperlyConfigured(
django.core.exceptions.ImproperlyConfigured: Field name `active_projects` is not valid for model `User` in `api.serializers.web_portal.VolunteerProfileSerializer`.
ERROR 2026-03-26 01:51:16,515 basehttp 15772 20756 "GET /api/web/volunteer/profile/ HTTP/1.1" 500 20438
ERROR 2026-03-26 01:51:34,239 log 15772 20756 Internal Server Error: /api/web/volunteer/profile/
Traceback (most recent call last):
  File "C:\Users\User\Desktop\BirQadamFull-main\BirQadamDjango\venv\Lib\site-packages\django\core\handlers\exception.py", line 55, in inner
    response = get_response(request)
               ^^^^^^^^^^^^^^^^^^^^^
  File "C:\Users\User\Desktop\BirQadamFull-main\BirQadamDjango\venv\Lib\site-packages\django\core\handlers\base.py", line 197, in _get_response
    response = wrapped_callback(request, *callback_args, **callback_kwargs)
               ^^^^^^^^^^^^^^^^^^^^^^^^^^^^^^^^^^^^^^^^^^^^^^^^^^^^^^^^^^^^
  File "C:\Users\User\Desktop\BirQadamFull-main\BirQadamDjango\venv\Lib\site-packages\django\views\decorators\csrf.py", line 65, in _view_wrapper
    return view_func(request, *args, **kwargs)
           ^^^^^^^^^^^^^^^^^^^^^^^^^^^^^^^^^^^
  File "C:\Users\User\Desktop\BirQadamFull-main\BirQadamDjango\venv\Lib\site-packages\django\views\generic\base.py", line 104, in view
    return self.dispatch(request, *args, **kwargs)
           ^^^^^^^^^^^^^^^^^^^^^^^^^^^^^^^^^^^^^^^
  File "C:\Users\User\Desktop\BirQadamFull-main\BirQadamDjango\venv\Lib\site-packages\django\utils\decorators.py", line 48, in _wrapper
    return bound_method(*args, **kwargs)
           ^^^^^^^^^^^^^^^^^^^^^^^^^^^^^
  File "C:\Users\User\Desktop\BirQadamFull-main\BirQadamDjango\venv\Lib\site-packages\django\views\decorators\csrf.py", line 65, in _view_wrapper
    return view_func(request, *args, **kwargs)
           ^^^^^^^^^^^^^^^^^^^^^^^^^^^^^^^^^^^
  File "C:\Users\User\Desktop\BirQadamFull-main\BirQadamDjango\venv\Lib\site-packages\rest_framework\views.py", line 515, in dispatch
    response = self.handle_exception(exc)
               ^^^^^^^^^^^^^^^^^^^^^^^^^^
  File "C:\Users\User\Desktop\BirQadamFull-main\BirQadamDjango\venv\Lib\site-packages\rest_framework\views.py", line 475, in handle_exception
    self.raise_uncaught_exception(exc)
  File "C:\Users\User\Desktop\BirQadamFull-main\BirQadamDjango\venv\Lib\site-packages\rest_framework\views.py", line 486, in raise_uncaught_exception
    raise exc
  File "C:\Users\User\Desktop\BirQadamFull-main\BirQadamDjango\venv\Lib\site-packages\rest_framework\views.py", line 512, in dispatch
    response = handler(request, *args, **kwargs)
               ^^^^^^^^^^^^^^^^^^^^^^^^^^^^^^^^^
  File "C:\Users\User\Desktop\BirQadamFull-main\BirQadamDjango\api\api\web_portal.py", line 662, in get
    data = serializer.data
           ^^^^^^^^^^^^^^^
  File "C:\Users\User\Desktop\BirQadamFull-main\BirQadamDjango\venv\Lib\site-packages\rest_framework\serializers.py", line 573, in data
    ret = super().data
          ^^^^^^^^^^^^
  File "C:\Users\User\Desktop\BirQadamFull-main\BirQadamDjango\venv\Lib\site-packages\rest_framework\serializers.py", line 251, in data
    self._data = self.to_representation(self.instance)
                 ^^^^^^^^^^^^^^^^^^^^^^^^^^^^^^^^^^^^^
  File "C:\Users\User\Desktop\BirQadamFull-main\BirQadamDjango\venv\Lib\site-packages\rest_framework\serializers.py", line 525, in to_representation
    for field in fields:
  File "C:\Users\User\Desktop\BirQadamFull-main\BirQadamDjango\venv\Lib\site-packages\rest_framework\serializers.py", line 386, in _readable_fields
    for field in self.fields.values():
                 ^^^^^^^^^^^
  File "C:\Users\User\Desktop\BirQadamFull-main\BirQadamDjango\venv\Lib\site-packages\django\utils\functional.py", line 47, in __get__
    res = instance.__dict__[self.name] = self.func(instance)
                                         ^^^^^^^^^^^^^^^^^^^
  File "C:\Users\User\Desktop\BirQadamFull-main\BirQadamDjango\venv\Lib\site-packages\rest_framework\serializers.py", line 374, in fields
    for key, value in self.get_fields().items():
                      ^^^^^^^^^^^^^^^^^
  File "C:\Users\User\Desktop\BirQadamFull-main\BirQadamDjango\venv\Lib\site-packages\rest_framework\serializers.py", line 1105, in get_fields
    field_class, field_kwargs = self.build_field(
                                ^^^^^^^^^^^^^^^^^
  File "C:\Users\User\Desktop\BirQadamFull-main\BirQadamDjango\venv\Lib\site-packages\rest_framework\serializers.py", line 1251, in build_field
    return self.build_unknown_field(field_name, model_class)
           ^^^^^^^^^^^^^^^^^^^^^^^^^^^^^^^^^^^^^^^^^^^^^^^^^
  File "C:\Users\User\Desktop\BirQadamFull-main\BirQadamDjango\venv\Lib\site-packages\rest_framework\serializers.py", line 1369, in build_unknown_field
    raise ImproperlyConfigured(
django.core.exceptions.ImproperlyConfigured: Field name `active_projects` is not valid for model `User` in `api.serializers.web_portal.VolunteerProfileSerializer`.
ERROR 2026-03-26 01:51:34,242 basehttp 15772 20756 "GET /api/web/volunteer/profile/ HTTP/1.1" 500 20438
ERROR 2026-03-26 01:51:41,023 log 15772 20756 Internal Server Error: /api/web/volunteer/profile/
Traceback (most recent call last):
  File "C:\Users\User\Desktop\BirQadamFull-main\BirQadamDjango\venv\Lib\site-packages\django\core\handlers\exception.py", line 55, in inner
    response = get_response(request)
               ^^^^^^^^^^^^^^^^^^^^^
  File "C:\Users\User\Desktop\BirQadamFull-main\BirQadamDjango\venv\Lib\site-packages\django\core\handlers\base.py", line 197, in _get_response
    response = wrapped_callback(request, *callback_args, **callback_kwargs)
               ^^^^^^^^^^^^^^^^^^^^^^^^^^^^^^^^^^^^^^^^^^^^^^^^^^^^^^^^^^^^
  File "C:\Users\User\Desktop\BirQadamFull-main\BirQadamDjango\venv\Lib\site-packages\django\views\decorators\csrf.py", line 65, in _view_wrapper
    return view_func(request, *args, **kwargs)
           ^^^^^^^^^^^^^^^^^^^^^^^^^^^^^^^^^^^
  File "C:\Users\User\Desktop\BirQadamFull-main\BirQadamDjango\venv\Lib\site-packages\django\views\generic\base.py", line 104, in view
    return self.dispatch(request, *args, **kwargs)
           ^^^^^^^^^^^^^^^^^^^^^^^^^^^^^^^^^^^^^^^
  File "C:\Users\User\Desktop\BirQadamFull-main\BirQadamDjango\venv\Lib\site-packages\django\utils\decorators.py", line 48, in _wrapper
    return bound_method(*args, **kwargs)
           ^^^^^^^^^^^^^^^^^^^^^^^^^^^^^
  File "C:\Users\User\Desktop\BirQadamFull-main\BirQadamDjango\venv\Lib\site-packages\django\views\decorators\csrf.py", line 65, in _view_wrapper
    return view_func(request, *args, **kwargs)
           ^^^^^^^^^^^^^^^^^^^^^^^^^^^^^^^^^^^
  File "C:\Users\User\Desktop\BirQadamFull-main\BirQadamDjango\venv\Lib\site-packages\rest_framework\views.py", line 515, in dispatch
    response = self.handle_exception(exc)
               ^^^^^^^^^^^^^^^^^^^^^^^^^^
  File "C:\Users\User\Desktop\BirQadamFull-main\BirQadamDjango\venv\Lib\site-packages\rest_framework\views.py", line 475, in handle_exception
    self.raise_uncaught_exception(exc)
  File "C:\Users\User\Desktop\BirQadamFull-main\BirQadamDjango\venv\Lib\site-packages\rest_framework\views.py", line 486, in raise_uncaught_exception
    raise exc
  File "C:\Users\User\Desktop\BirQadamFull-main\BirQadamDjango\venv\Lib\site-packages\rest_framework\views.py", line 512, in dispatch
    response = handler(request, *args, **kwargs)
               ^^^^^^^^^^^^^^^^^^^^^^^^^^^^^^^^^
  File "C:\Users\User\Desktop\BirQadamFull-main\BirQadamDjango\api\api\web_portal.py", line 662, in get
    data = serializer.data
           ^^^^^^^^^^^^^^^
  File "C:\Users\User\Desktop\BirQadamFull-main\BirQadamDjango\venv\Lib\site-packages\rest_framework\serializers.py", line 573, in data
    ret = super().data
          ^^^^^^^^^^^^
  File "C:\Users\User\Desktop\BirQadamFull-main\BirQadamDjango\venv\Lib\site-packages\rest_framework\serializers.py", line 251, in data
    self._data = self.to_representation(self.instance)
                 ^^^^^^^^^^^^^^^^^^^^^^^^^^^^^^^^^^^^^
  File "C:\Users\User\Desktop\BirQadamFull-main\BirQadamDjango\venv\Lib\site-packages\rest_framework\serializers.py", line 525, in to_representation
    for field in fields:
  File "C:\Users\User\Desktop\BirQadamFull-main\BirQadamDjango\venv\Lib\site-packages\rest_framework\serializers.py", line 386, in _readable_fields
    for field in self.fields.values():
                 ^^^^^^^^^^^
  File "C:\Users\User\Desktop\BirQadamFull-main\BirQadamDjango\venv\Lib\site-packages\django\utils\functional.py", line 47, in __get__
    res = instance.__dict__[self.name] = self.func(instance)
                                         ^^^^^^^^^^^^^^^^^^^
  File "C:\Users\User\Desktop\BirQadamFull-main\BirQadamDjango\venv\Lib\site-packages\rest_framework\serializers.py", line 374, in fields
    for key, value in self.get_fields().items():
                      ^^^^^^^^^^^^^^^^^
  File "C:\Users\User\Desktop\BirQadamFull-main\BirQadamDjango\venv\Lib\site-packages\rest_framework\serializers.py", line 1105, in get_fields
    field_class, field_kwargs = self.build_field(
                                ^^^^^^^^^^^^^^^^^
  File "C:\Users\User\Desktop\BirQadamFull-main\BirQadamDjango\venv\Lib\site-packages\rest_framework\serializers.py", line 1251, in build_field
    return self.build_unknown_field(field_name, model_class)
           ^^^^^^^^^^^^^^^^^^^^^^^^^^^^^^^^^^^^^^^^^^^^^^^^^
  File "C:\Users\User\Desktop\BirQadamFull-main\BirQadamDjango\venv\Lib\site-packages\rest_framework\serializers.py", line 1369, in build_unknown_field
    raise ImproperlyConfigured(
django.core.exceptions.ImproperlyConfigured: Field name `active_projects` is not valid for model `User` in `api.serializers.web_portal.VolunteerProfileSerializer`.
ERROR 2026-03-26 01:51:41,029 basehttp 15772 20756 "GET /api/web/volunteer/profile/ HTTP/1.1" 500 20431
ERROR 2026-03-26 01:52:02,387 log 15772 20756 Internal Server Error: /api/web/volunteer/profile/
Traceback (most recent call last):
  File "C:\Users\User\Desktop\BirQadamFull-main\BirQadamDjango\venv\Lib\site-packages\django\core\handlers\exception.py", line 55, in inner
    response = get_response(request)
               ^^^^^^^^^^^^^^^^^^^^^
  File "C:\Users\User\Desktop\BirQadamFull-main\BirQadamDjango\venv\Lib\site-packages\django\core\handlers\base.py", line 197, in _get_response
    response = wrapped_callback(request, *callback_args, **callback_kwargs)
               ^^^^^^^^^^^^^^^^^^^^^^^^^^^^^^^^^^^^^^^^^^^^^^^^^^^^^^^^^^^^
  File "C:\Users\User\Desktop\BirQadamFull-main\BirQadamDjango\venv\Lib\site-packages\django\views\decorators\csrf.py", line 65, in _view_wrapper
    return view_func(request, *args, **kwargs)
           ^^^^^^^^^^^^^^^^^^^^^^^^^^^^^^^^^^^
  File "C:\Users\User\Desktop\BirQadamFull-main\BirQadamDjango\venv\Lib\site-packages\django\views\generic\base.py", line 104, in view
    return self.dispatch(request, *args, **kwargs)
           ^^^^^^^^^^^^^^^^^^^^^^^^^^^^^^^^^^^^^^^
  File "C:\Users\User\Desktop\BirQadamFull-main\BirQadamDjango\venv\Lib\site-packages\django\utils\decorators.py", line 48, in _wrapper
    return bound_method(*args, **kwargs)
           ^^^^^^^^^^^^^^^^^^^^^^^^^^^^^
  File "C:\Users\User\Desktop\BirQadamFull-main\BirQadamDjango\venv\Lib\site-packages\django\views\decorators\csrf.py", line 65, in _view_wrapper
    return view_func(request, *args, **kwargs)
           ^^^^^^^^^^^^^^^^^^^^^^^^^^^^^^^^^^^
  File "C:\Users\User\Desktop\BirQadamFull-main\BirQadamDjango\venv\Lib\site-packages\rest_framework\views.py", line 515, in dispatch
    response = self.handle_exception(exc)
               ^^^^^^^^^^^^^^^^^^^^^^^^^^
  File "C:\Users\User\Desktop\BirQadamFull-main\BirQadamDjango\venv\Lib\site-packages\rest_framework\views.py", line 475, in handle_exception
    self.raise_uncaught_exception(exc)
  File "C:\Users\User\Desktop\BirQadamFull-main\BirQadamDjango\venv\Lib\site-packages\rest_framework\views.py", line 486, in raise_uncaught_exception
    raise exc
  File "C:\Users\User\Desktop\BirQadamFull-main\BirQadamDjango\venv\Lib\site-packages\rest_framework\views.py", line 512, in dispatch
    response = handler(request, *args, **kwargs)
               ^^^^^^^^^^^^^^^^^^^^^^^^^^^^^^^^^
  File "C:\Users\User\Desktop\BirQadamFull-main\BirQadamDjango\api\api\web_portal.py", line 662, in get
    data = serializer.data
           ^^^^^^^^^^^^^^^
  File "C:\Users\User\Desktop\BirQadamFull-main\BirQadamDjango\venv\Lib\site-packages\rest_framework\serializers.py", line 573, in data
    ret = super().data
          ^^^^^^^^^^^^
  File "C:\Users\User\Desktop\BirQadamFull-main\BirQadamDjango\venv\Lib\site-packages\rest_framework\serializers.py", line 251, in data
    self._data = self.to_representation(self.instance)
                 ^^^^^^^^^^^^^^^^^^^^^^^^^^^^^^^^^^^^^
  File "C:\Users\User\Desktop\BirQadamFull-main\BirQadamDjango\venv\Lib\site-packages\rest_framework\serializers.py", line 525, in to_representation
    for field in fields:
  File "C:\Users\User\Desktop\BirQadamFull-main\BirQadamDjango\venv\Lib\site-packages\rest_framework\serializers.py", line 386, in _readable_fields
    for field in self.fields.values():
                 ^^^^^^^^^^^
  File "C:\Users\User\Desktop\BirQadamFull-main\BirQadamDjango\venv\Lib\site-packages\django\utils\functional.py", line 47, in __get__
    res = instance.__dict__[self.name] = self.func(instance)
                                         ^^^^^^^^^^^^^^^^^^^
  File "C:\Users\User\Desktop\BirQadamFull-main\BirQadamDjango\venv\Lib\site-packages\rest_framework\serializers.py", line 374, in fields
    for key, value in self.get_fields().items():
                      ^^^^^^^^^^^^^^^^^
  File "C:\Users\User\Desktop\BirQadamFull-main\BirQadamDjango\venv\Lib\site-packages\rest_framework\serializers.py", line 1105, in get_fields
    field_class, field_kwargs = self.build_field(
                                ^^^^^^^^^^^^^^^^^
  File "C:\Users\User\Desktop\BirQadamFull-main\BirQadamDjango\venv\Lib\site-packages\rest_framework\serializers.py", line 1251, in build_field
    return self.build_unknown_field(field_name, model_class)
           ^^^^^^^^^^^^^^^^^^^^^^^^^^^^^^^^^^^^^^^^^^^^^^^^^
  File "C:\Users\User\Desktop\BirQadamFull-main\BirQadamDjango\venv\Lib\site-packages\rest_framework\serializers.py", line 1369, in build_unknown_field
    raise ImproperlyConfigured(
django.core.exceptions.ImproperlyConfigured: Field name `active_projects` is not valid for model `User` in `api.serializers.web_portal.VolunteerProfileSerializer`.
ERROR 2026-03-26 01:52:02,389 basehttp 15772 20756 "GET /api/web/volunteer/profile/ HTTP/1.1" 500 20452
